date,POP,LFC,LFPART,RUC,EMPLOY,H,HG,HS
1939:01,,,,,,,,
1939:02,,,,,,,,
1939:03,,,,,,,,
1939:04,,,,,,,,
1939:05,,,,,,,,
1939:06,,,,,,,,
1939:07,,,,,,,,
1939:08,,,,,,,,
1939:09,,,,,,,,
1939:10,,,,,,,,
1939:11,,,,,,,,
1939:12,,,,,,,,
1940:01,,,,,,,,
1940:02,,,,,,,,
1940:03,,,,,,,,
1940:04,,,,,,,,
1940:05,,,,,,,,
1940:06,,,,,,,,
1940:07,,,,,,,,
1940:08,,,,,,,,
1940:09,,,,,,,,
1940:10,,,,,,,,
1940:11,,,,,,,,
1940:12,,,,,,,,
1941:01,,,,,,,,
1941:02,,,,,,,,
1941:03,,,,,,,,
1941:04,,,,,,,,
1941:05,,,,,,,,
1941:06,,,,,,,,
1941:07,,,,,,,,
1941:08,,,,,,,,
1941:09,,,,,,,,
1941:10,,,,,,,,
1941:11,,,,,,,,
1941:12,,,,,,,,
1942:01,,,,,,,,
1942:02,,,,,,,,
1942:03,,,,,,,,
1942:04,,,,,,,,
1942:05,,,,,,,,
1942:06,,,,,,,,
1942:07,,,,,,,,
1942:08,,,,,,,,
1942:09,,,,,,,,
1942:10,,,,,,,,
1942:11,,,,,,,,
1942:12,,,,,,,,
1943:01,,,,,,,,
1943:02,,,,,,,,
1943:03,,,,,,,,
1943:04,,,,,,,,
1943:05,,,,,,,,
1943:06,,,,,,,,
1943:07,,,,,,,,
1943:08,,,,,,,,
1943:09,,,,,,,,
1943:10,,,,,,,,
1943:11,,,,,,,,
1943:12,,,,,,,,
1944:01,,,,,,,,
1944:02,,,,,,,,
1944:03,,,,,,,,
1944:04,,,,,,,,
1944:05,,,,,,,,
1944:06,,,,,,,,
1944:07,,,,,,,,
1944:08,,,,,,,,
1944:09,,,,,,,,
1944:10,,,,,,,,
1944:11,,,,,,,,
1944:12,,,,,,,,
1945:01,,,,,,,,
1945:02,,,,,,,,
1945:03,,,,,,,,
1945:04,,,,,,,,
1945:05,,,,,,,,
1945:06,,,,,,,,
1945:07,,,,,,,,
1945:08,,,,,,,,
1945:09,,,,,,,,
1945:10,,,,,,,,
1945:11,,,,,,,,
1945:12,,,,,,,,
1946:01,,,,,,,,
1946:02,,,,,,,,
1946:03,,,,,,,,
1946:04,,,,,,,,
1946:05,,,,,,,,
1946:06,,,,,,,,
1946:07,,,,,,,,
1946:08,,,,,,,,
1946:09,,,,,,,,
1946:10,,,,,,,,
1946:11,,,,,,,,
1946:12,,,,,,,,
1947:01,,,,,43535.0,,93.9,
1947:02,,,,,43557.0,,94.1,
1947:03,,,,,43607.0,,94.7,
1947:04,,,,,43499.0,,94.2,
1947:05,,,,,43638.0,,94.0,
1947:06,,,,,43810.0,,93.7,
1947:07,,,,,43743.0,,92.3,
1947:08,,,,,43960.0,,92.6,
1947:09,,,,,44203.0,,94.0,
1947:10,,,,,44411.0,,94.3,
1947:11,,,,,44484.0,,94.7,
1947:12,,,,,44581.0,,95.7,
1948:01,102603.0,60095.0,58.5704,3.4,44679.0,,95.5,
1948:02,102698.0,60524.0,58.934,3.8,44533.0,,93.9,
1948:03,102771.0,60070.0,58.4503,4.0,44683.0,,95.2,
1948:04,102831.0,60677.0,59.0065,3.9,44379.0,,92.2,
1948:05,102923.0,59972.0,58.2688,3.5,44796.0,,93.9,
1948:06,102992.0,60957.0,59.1862,3.6,45034.0,,94.9,
1948:07,103216.0,61181.0,59.2747,3.6,45160.0,,94.2,
1948:08,103240.0,60806.0,58.8977,3.9,45178.0,,94.3,
1948:09,103291.0,60815.0,58.8773,3.8,45294.0,,94.8,
1948:10,103361.0,60646.0,58.674,3.7,45245.0,,93.4,
1948:11,103424.0,60702.0,58.6924,3.8,45192.0,,93.0,
1948:12,103468.0,61169.0,59.1188,4.0,45032.0,,91.9,
1949:01,103529.0,60771.0,58.6995,4.3,44668.0,,89.9,
1949:02,103559.0,61057.0,58.9587,4.7,44497.0,,89.4,
1949:03,103665.0,61073.0,58.9138,5.0,44240.0,,87.5,
1949:04,103739.0,61007.0,58.8082,5.3,44236.0,,86.3,
1949:05,103845.0,61259.0,58.9908,6.1,43984.0,,85.3,
1949:06,103930.0,60948.0,58.6433,6.2,43739.0,,83.9,
1949:07,104042.0,61301.0,58.9195,6.7,43531.0,,83.7,
1949:08,104121.0,61590.0,59.1523,6.8,43624.0,,84.0,
1949:09,104219.0,61633.0,59.138,6.6,43780.0,,84.4,
1949:10,104338.0,62185.0,59.5996,7.9,42942.0,,81.3,
1949:11,104421.0,62005.0,59.3798,6.4,43242.0,,82.6,
1949:12,104524.0,61908.0,59.2285,6.6,43522.0,,83.2,
1950:01,104619.0,61661.0,58.9386,6.5,43526.0,,83.9,
1950:02,104737.0,61687.0,58.897,6.4,43297.0,,83.0,
1950:03,104844.0,61604.0,58.7578,6.3,43954.0,,86.2,
1950:04,104943.0,62158.0,59.2302,5.8,44382.0,,88.5,
1950:05,105014.0,62083.0,59.1188,5.5,44718.0,,90.8,
1950:06,105104.0,62419.0,59.3878,5.4,45083.0,,92.6,
1950:07,105194.0,62121.0,59.0537,5.0,45454.0,,94.1,
1950:08,105282.0,62596.0,59.4556,4.5,46192.0,,97.6,
1950:09,105269.0,62349.0,59.2283,4.4,46438.0,,96.8,
1950:10,105096.0,62428.0,59.4009,4.2,46706.0,,98.5,
1950:11,104979.0,62286.0,59.3319,4.2,46776.0,,99.3,
1950:12,104872.0,62068.0,59.1845,4.3,46861.0,,98.5,
1951:01,104844.0,61941.0,59.0792,3.7,47288.0,,99.9,
1951:02,104604.0,61778.0,59.0589,3.4,47577.0,,99.9,
1951:03,104629.0,62526.0,59.7597,3.4,47873.0,,100.4,
1951:04,104541.0,61808.0,59.1232,3.1,47861.0,,101.2,
1951:05,104491.0,62044.0,59.3774,3.0,47952.0,,101.1,
1951:06,104488.0,61615.0,58.9685,3.2,48064.0,,100.5,
1951:07,104504.0,62106.0,59.4293,3.1,48061.0,,99.7,
1951:08,104536.0,61927.0,59.2399,3.1,48012.0,,98.8,
1951:09,104588.0,61780.0,59.0699,3.3,47954.0,,98.2,
1951:10,104690.0,62204.0,59.4173,3.5,48006.0,,97.8,
1951:11,104740.0,62014.0,59.2076,3.5,48147.0,,97.7,
1951:12,104810.0,62457.0,59.5907,3.1,48314.0,,98.8,
1952:01,104862.0,62432.0,59.5373,3.2,48296.0,,99.3,
1952:02,104868.0,62419.0,59.5215,3.1,48522.0,,99.8,
1952:03,104860.0,61721.0,58.8604,2.9,48504.0,,98.9,
1952:04,104906.0,61720.0,58.8336,2.9,48620.0,,98.3,
1952:05,104996.0,62058.0,59.1051,3.0,48642.0,,98.2,
1952:06,105118.0,62103.0,59.0793,3.0,48282.0,,96.2,
1952:07,105246.0,61962.0,58.8735,3.2,48143.0,,94.6,
1952:08,105346.0,61877.0,58.7369,3.4,48924.0,,99.5,
1952:09,105436.0,62457.0,59.2369,3.1,49320.0,,102.0,
1952:10,105591.0,61971.0,58.6897,3.0,49597.0,,102.3,
1952:11,105706.0,62491.0,59.1177,2.8,49816.0,,103.5,
1952:12,105812.0,62621.0,59.1814,2.7,50166.0,,104.5,
1953:01,106594.0,63439.0,59.5146,2.9,50144.0,,104.2,
1953:02,106678.0,63520.0,59.5437,2.6,50339.0,,104.8,
1953:03,106744.0,63657.0,59.6352,2.6,50473.0,,105.5,
1953:04,106826.0,63167.0,59.1307,2.7,50435.0,,104.6,
1953:05,106910.0,62615.0,58.568,2.5,50490.0,,104.8,
1953:06,106978.0,63063.0,58.9495,2.5,50519.0,,104.7,
1953:07,107034.0,63057.0,58.9131,2.6,50536.0,,104.0,
1953:08,107132.0,62816.0,58.6342,2.7,50489.0,,103.6,
1953:09,107253.0,62727.0,58.4851,2.9,50368.0,,101.3,
1953:10,107383.0,62867.0,58.5446,3.1,50240.0,,100.6,
1953:11,107504.0,62949.0,58.555,3.5,49908.0,,98.8,
1953:12,107623.0,62795.0,58.3472,4.5,49703.0,,96.9,
1954:01,107763.0,63101.0,58.5553,4.9,49469.0,,94.7,
1954:02,107880.0,63994.0,59.3196,5.2,49382.0,,95.5,
1954:03,107987.0,63793.0,59.0747,5.7,49157.0,,94.5,
1954:04,108080.0,63934.0,59.1543,5.9,49179.0,,93.6,
1954:05,108184.0,63675.0,58.8581,5.9,48965.0,,92.9,
1954:06,108267.0,63343.0,58.5063,5.6,48895.0,,92.7,
1954:07,108344.0,63302.0,58.4269,5.8,48835.0,,92.0,
1954:08,108440.0,63707.0,58.7486,6.0,48826.0,,91.8,
1954:09,108546.0,64209.0,59.1537,6.1,48886.0,,92.0,
1954:10,108668.0,63936.0,58.8361,5.7,48942.0,,91.6,
1954:11,108798.0,63759.0,58.6031,5.3,49180.0,,93.7,
1954:12,108892.0,63312.0,58.142,5.0,49331.0,,93.8,
1955:01,109059.0,63910.0,58.6013,4.9,49496.0,,94.8,
1955:02,109078.0,63696.0,58.3949,4.7,49644.0,,95.4,
1955:03,109254.0,63882.0,58.4711,4.6,49962.0,,97.5,
1955:04,109377.0,64564.0,59.0289,4.7,50248.0,,98.1,
1955:05,109544.0,64381.0,58.7718,4.3,50512.0,,99.7,
1955:06,109680.0,64482.0,58.791,4.2,50790.0,,99.5,
1955:07,109792.0,65145.0,59.3349,4.0,50987.0,,99.7,
1955:08,109882.0,65581.0,59.6831,4.2,51111.0,,99.7,
1955:09,109977.0,65628.0,59.6743,4.1,51266.0,,99.7,
1955:10,110085.0,65821.0,59.7911,4.3,51429.0,,100.3,
1955:11,110177.0,66037.0,59.9372,4.2,51592.0,,100.9,
1955:12,110296.0,66445.0,60.2424,4.2,51805.0,,101.2,
1956:01,110390.0,66419.0,60.1676,4.0,51975.0,,101.0,
1956:02,110478.0,66124.0,59.8526,3.9,52167.0,,101.0,
1956:03,110582.0,66175.0,59.8425,4.2,52294.0,,99.9,
1956:04,110650.0,66264.0,59.8861,4.0,52375.0,,100.8,
1956:05,110810.0,66722.0,60.213,4.3,52506.0,,100.5,
1956:06,110903.0,66702.0,60.1445,4.3,52586.0,,100.7,
1956:07,111019.0,66752.0,60.1266,4.4,51955.0,,97.3,
1956:08,111099.0,66673.0,60.0122,4.1,52631.0,,100.3,
1956:09,111222.0,66714.0,59.9827,3.9,52604.0,,100.4,
1956:10,111335.0,66546.0,59.771,3.9,52777.0,,101.1,
1956:11,111432.0,66657.0,59.8185,4.3,52821.0,,100.5,
1956:12,111526.0,66700.0,59.8067,4.2,52929.0,,100.8,
1957:01,111626.0,66428.0,59.5094,4.2,52887.0,,99.3,
1957:02,111711.0,66879.0,59.8679,3.9,53097.0,,100.9,
1957:03,111824.0,66913.0,59.8378,3.7,53156.0,,100.3,
1957:04,111933.0,66647.0,59.5419,3.9,53238.0,,98.9,
1957:05,112031.0,66695.0,59.5326,4.1,53150.0,,98.2,
1957:06,112172.0,67052.0,59.7761,4.3,53067.0,,98.1,
1957:07,112317.0,67336.0,59.9517,4.2,53123.0,,97.7,
1957:08,112421.0,66706.0,59.3359,4.1,53128.0,,97.6,
1957:09,112554.0,67064.0,59.5838,4.4,52934.0,,95.9,
1957:10,112710.0,67066.0,59.5031,4.5,52763.0,,94.5,
1957:11,112874.0,67123.0,59.4672,5.1,52558.0,,92.8,
1957:12,113013.0,67398.0,59.6374,5.2,52384.0,,91.8,
1958:01,113138.0,67095.0,59.3037,5.8,52076.0,,90.4,
1958:02,113234.0,67201.0,59.347,6.4,51576.0,,87.0,
1958:03,113337.0,67223.0,59.3125,6.7,51299.0,,87.0,
1958:04,113415.0,67647.0,59.6455,7.4,51027.0,,86.0,
1958:05,113534.0,67895.0,59.8015,7.4,50914.0,,85.5,
1958:06,113647.0,67674.0,59.5475,7.3,50914.0,,85.6,
1958:07,113727.0,67824.0,59.6376,7.5,51039.0,,86.1,
1958:08,113835.0,68037.0,59.7681,7.4,51233.0,,87.1,
1958:09,113977.0,68002.0,59.6629,7.1,51506.0,,88.4,
1958:10,114138.0,68045.0,59.6164,6.7,51485.0,,87.9,
1958:11,114283.0,67658.0,59.2022,6.2,51944.0,,90.8,
1958:12,114429.0,67740.0,59.1983,6.2,52085.0,,90.0,
1959:01,114582.0,67936.0,59.2903,6.0,52478.0,,92.3,
1959:02,114712.0,67649.0,58.9729,5.9,52688.0,,92.3,
1959:03,114849.0,68068.0,59.2674,5.6,53014.0,,94.1,
1959:04,114986.0,68339.0,59.4325,5.2,53321.0,,95.7,
1959:05,115144.0,68178.0,59.2111,5.1,53550.0,,96.6,
1959:06,115287.0,68278.0,59.2244,5.0,53681.0,,96.8,
1959:07,115429.0,68539.0,59.3776,5.1,53804.0,,96.2,
1959:08,115555.0,68432.0,59.2203,5.2,53336.0,,93.4,
1959:09,115668.0,68545.0,59.2601,5.5,53428.0,,93.4,
1959:10,115798.0,68821.0,59.4319,5.7,53358.0,,91.6,
1959:11,115916.0,68533.0,59.123,5.8,53634.0,,92.6,
1959:12,116040.0,68994.0,59.4571,5.3,54174.0,,95.3,
1960:01,116594.0,68962.0,59.1471,5.2,54274.0,,96.1,
1960:02,116702.0,68949.0,59.0812,4.8,54513.0,,95.7,
1960:03,116827.0,68399.0,58.5473,5.4,54454.0,,93.7,
1960:04,116910.0,69579.0,59.515,5.2,54813.0,,94.9,
1960:05,117033.0,69626.0,59.4926,5.1,54475.0,,94.0,
1960:06,117167.0,69934.0,59.6875,5.4,54348.0,,92.9,
1960:07,117281.0,69745.0,59.4683,5.5,54306.0,,92.7,
1960:08,117431.0,69841.0,59.4741,5.6,54272.0,,91.7,
1960:09,117521.0,70151.0,59.6923,5.5,54227.0,,90.7,
1960:10,117643.0,69884.0,59.4034,6.1,54142.0,,90.7,
1960:11,117829.0,70439.0,59.7807,6.1,53961.0,,88.9,
1960:12,118001.0,70395.0,59.6563,6.6,53742.0,,85.0,
1961:01,118155.0,70447.0,59.6225,6.6,53683.0,,87.7,
1961:02,118250.0,70420.0,59.5518,6.9,53557.0,,87.1,
1961:03,118358.0,70703.0,59.7366,6.9,53659.0,,87.0,
1961:04,118503.0,70267.0,59.2955,7.0,53627.0,,87.0,
1961:05,118638.0,70452.0,59.384,7.1,53786.0,,87.9,
1961:06,118767.0,70878.0,59.6782,6.9,53977.0,,89.2,
1961:07,118889.0,70536.0,59.3293,7.0,54123.0,,89.5,
1961:08,119006.0,70534.0,59.2693,6.6,54298.0,,90.0,
1961:09,119107.0,70217.0,58.9529,6.7,54388.0,,88.8,
1961:10,119202.0,70492.0,59.1366,6.5,54522.0,,91.0,
1961:11,119153.0,70376.0,59.0636,6.1,54742.0,,92.2,
1961:12,119214.0,70077.0,58.7825,6.0,54872.0,,91.1,
1962:01,119300.0,70189.0,58.834,5.8,54891.0,,89.9,
1962:02,119360.0,70409.0,58.9888,5.5,55188.0,,92.3,
1962:03,119476.0,70414.0,58.9357,5.6,55275.0,,92.7,
1962:04,119702.0,70278.0,58.7108,5.6,55602.0,,93.5,
1962:05,119813.0,70551.0,58.8843,5.5,55628.0,,93.6,
1962:06,119943.0,70514.0,58.7896,5.5,55644.0,,92.7,
1962:07,120128.0,70302.0,58.5226,5.4,55746.0,,93.0,
1962:08,120323.0,70981.0,58.992,5.7,55838.0,,93.2,
1962:09,120653.0,71153.0,58.9733,5.6,55978.0,,93.5,
1962:10,120856.0,70917.0,58.6789,5.4,56041.0,,93.0,
1962:11,121045.0,70871.0,58.5493,5.7,56056.0,,93.1,
1962:12,121236.0,70854.0,58.443,5.5,56028.0,,91.6,
1963:01,121463.0,71146.0,58.5742,5.7,56115.0,,92.8,
1963:02,121633.0,71262.0,58.5877,5.9,56230.0,,92.3,
1963:03,121824.0,71423.0,58.628,5.7,56320.0,,92.6,
1963:04,121986.0,71697.0,58.7748,5.7,56580.0,,93.7,
1963:05,122162.0,71832.0,58.8006,5.9,56616.0,,94.1,
1963:06,122352.0,71626.0,58.5409,5.6,56659.0,,94.2,
1963:07,122521.0,71956.0,58.7295,5.6,56794.0,,94.3,
1963:08,122667.0,71786.0,58.521,5.4,56910.0,,94.3,
1963:09,122821.0,72131.0,58.7286,5.5,57078.0,,94.5,
1963:10,123014.0,72281.0,58.7584,5.5,57283.0,,95.0,
1963:11,123192.0,72418.0,58.7847,5.7,57255.0,,94.2,
1963:12,123360.0,72188.0,58.5182,5.5,57361.0,,93.9,
1964:01,123560.0,72356.0,58.5594,5.6,57487.0,50.8,92.4,39.3
1964:02,123707.0,72683.0,58.7542,5.4,57753.0,51.5,95.3,39.4
1964:03,123857.0,72713.0,58.7072,5.4,57897.0,51.5,95.1,39.4
1964:04,124019.0,73274.0,59.0829,5.3,57922.0,51.7,95.2,39.6
1964:05,124204.0,73395.0,59.0923,5.1,58089.0,51.9,95.6,39.6
1964:06,124386.0,73032.0,58.714,5.2,58219.0,52.0,96.2,39.7
1964:07,124567.0,73007.0,58.6086,4.9,58412.0,52.3,96.3,39.9
1964:08,124731.0,73118.0,58.6206,5.0,58619.0,52.3,96.9,39.9
1964:09,124920.0,73290.0,58.6695,5.1,58903.0,52.6,97.4,40.2
1964:10,125108.0,73308.0,58.5958,5.1,58793.0,52.4,96.0,40.2
1964:11,125291.0,73286.0,58.4926,4.8,59218.0,52.9,98.5,40.3
1964:12,125468.0,73465.0,58.5528,5.0,59421.0,53.3,99.1,40.4
1965:01,125647.0,73569.0,58.5521,4.9,59582.0,53.5,99.8,40.6
1965:02,125810.0,73857.0,58.7052,5.1,59800.0,53.6,99.7,40.7
1965:03,125985.0,73949.0,58.6967,4.7,60003.0,53.7,100.3,40.8
1965:04,126155.0,74228.0,58.8387,4.8,60259.0,54.0,100.2,41.2
1965:05,126320.0,74466.0,58.9503,4.6,60491.0,54.4,101.1,41.3
1965:06,126499.0,74412.0,58.8242,4.6,60690.0,54.3,101.0,41.2
1965:07,126573.0,74761.0,59.0655,4.4,60965.0,54.5,101.7,41.2
1965:08,126756.0,74616.0,58.8659,4.4,61228.0,54.6,102.0,41.4
1965:09,126906.0,74502.0,58.7064,4.3,61490.0,55.0,102.6,41.7
1965:10,127043.0,74838.0,58.9076,4.2,61719.0,55.0,103.1,41.7
1965:11,127171.0,74797.0,58.8161,4.1,61996.0,55.4,103.7,41.8
1965:12,127294.0,75093.0,58.9918,4.0,62322.0,55.7,104.8,42.0
1966:01,127394.0,75186.0,59.0185,4.0,62529.0,55.8,105.4,42.0
1966:02,127514.0,74954.0,58.781,3.8,62796.0,56.2,106.3,42.3
1966:03,127626.0,75075.0,58.8242,3.8,63192.0,56.5,107.4,42.3
1966:04,127744.0,75338.0,58.9758,3.8,63437.0,56.7,107.6,42.5
1966:05,127879.0,75447.0,58.9987,3.9,63712.0,56.6,107.0,42.5
1966:06,127983.0,75647.0,59.1071,3.8,64111.0,56.9,108.1,42.7
1966:07,128102.0,75736.0,59.1216,3.8,64301.0,56.9,107.9,42.7
1966:08,128240.0,76046.0,59.2998,3.8,64507.0,57.1,108.2,42.8
1966:09,128359.0,76056.0,59.2526,3.7,64643.0,57.0,107.8,42.9
1966:10,128494.0,76199.0,59.3016,3.7,64854.0,57.3,108.5,43.0
1966:11,128627.0,76610.0,59.5598,3.6,65019.0,57.2,107.9,43.1
1966:12,128730.0,76641.0,59.5362,3.8,65199.0,57.2,107.5,43.1
1967:01,128909.0,76639.0,59.452,3.9,65407.0,57.5,108.4,43.3
1967:02,129032.0,76521.0,59.3039,3.8,65429.0,56.8,105.6,43.2
1967:03,129190.0,76328.0,59.082,3.8,65530.0,56.8,105.6,43.2
1967:04,129344.0,76777.0,59.3588,3.8,65466.0,56.5,104.5,43.1
1967:05,129515.0,76773.0,59.2773,3.8,65620.0,56.6,104.1,43.4
1967:06,129722.0,77270.0,59.5658,3.9,65750.0,56.7,104.2,43.6
1967:07,129918.0,77464.0,59.6253,3.8,65888.0,56.8,104.5,43.5
1967:08,130187.0,77712.0,59.6926,3.8,66143.0,57.0,105.2,43.6
1967:09,130392.0,77812.0,59.6754,3.8,66164.0,57.0,104.4,43.9
1967:10,130582.0,78194.0,59.8811,4.0,66225.0,57.0,104.6,43.8
1967:11,130754.0,78191.0,59.8001,3.9,66703.0,57.7,106.5,44.1
1967:12,130936.0,78491.0,59.9461,3.8,66900.0,57.5,105.7,44.1
1968:01,131112.0,77578.0,59.1693,3.7,66804.0,57.2,104.3,44.0
1968:02,131277.0,78230.0,59.5916,3.8,67215.0,57.9,106.5,44.3
1968:03,131412.0,78256.0,59.5501,3.7,67295.0,57.8,106.3,44.3
1968:04,131553.0,78270.0,59.4969,3.5,67556.0,57.9,106.3,44.4
1968:05,131712.0,78847.0,59.8632,3.5,67652.0,58.1,107.5,44.4
1968:06,131872.0,79120.0,59.9976,3.7,67905.0,58.4,107.4,44.8
1968:07,132053.0,78970.0,59.8017,3.7,68126.0,58.5,107.5,45.0
1968:08,132251.0,78811.0,59.592,3.5,68330.0,58.6,107.1,45.0
1968:09,132446.0,78858.0,59.5397,3.4,68484.0,58.8,107.9,45.1
1968:10,132617.0,78913.0,59.5044,3.4,68721.0,59.0,108.2,45.3
1968:11,132903.0,79209.0,59.5991,3.4,68984.0,59.0,108.0,45.4
1968:12,133120.0,79463.0,59.6928,3.4,69248.0,59.2,108.5,45.5
1969:01,133324.0,79523.0,59.6464,3.4,69439.0,59.7,109.5,45.9
1969:02,133465.0,80019.0,59.955,3.4,69699.0,59.6,108.7,45.8
1969:03,133639.0,80079.0,59.9219,3.4,69905.0,60.0,109.8,46.1
1969:04,133821.0,80281.0,59.9913,3.4,70072.0,60.3,110.5,46.2
1969:05,134027.0,80125.0,59.7827,3.4,70328.0,60.3,110.1,46.5
1969:06,134213.0,80696.0,60.1253,3.5,70636.0,60.4,110.3,46.5
1969:07,134414.0,80827.0,60.1329,3.5,70729.0,60.5,110.0,46.7
1969:08,134597.0,81106.0,60.2584,3.5,71008.0,60.9,111.0,46.9
1969:09,134774.0,81290.0,60.3158,3.7,70914.0,60.6,110.1,46.9
1969:10,135012.0,81494.0,60.3606,3.7,71121.0,60.7,109.9,47.0
1969:11,135239.0,81397.0,60.1875,3.5,71086.0,60.7,109.1,47.2
1969:12,135489.0,81624.0,60.244,3.5,71241.0,60.8,109.2,47.1
1970:01,135713.0,81981.0,60.4076,3.9,71176.0,60.4,107.7,47.1
1970:02,135957.0,82151.0,60.4243,4.2,71305.0,60.4,107.5,47.2
1970:03,136179.0,82498.0,60.5806,4.4,71451.0,60.4,107.5,47.1
1970:04,136416.0,82727.0,60.6432,4.6,71348.0,59.8,105.9,46.9
1970:05,136686.0,82483.0,60.3449,4.8,71124.0,59.5,104.4,46.9
1970:06,136928.0,82484.0,60.239,4.9,71029.0,59.3,104.0,46.8
1970:07,137196.0,82901.0,60.4252,5.0,71053.0,59.5,104.2,47.0
1970:08,137455.0,82880.0,60.2961,5.1,70937.0,59.3,103.5,47.0
1970:09,137717.0,82954.0,60.2351,5.4,70944.0,59.0,102.2,47.0
1970:10,137988.0,83276.0,60.3502,5.5,70521.0,58.4,99.0,47.0
1970:11,138264.0,83548.0,60.4264,5.9,70409.0,58.2,98.6,46.8
1970:12,138529.0,83670.0,60.3989,6.1,70792.0,58.6,100.6,46.7
1971:01,138795.0,83850.0,60.4128,5.9,70865.0,58.7,101.1,46.9
1971:02,139021.0,83603.0,60.137,5.9,70807.0,58.4,100.0,46.9
1971:03,139285.0,83575.0,60.0029,6.0,70860.0,58.5,100.6,46.8
1971:04,139566.0,83946.0,60.1479,5.9,71036.0,58.8,101.1,47.0
1971:05,139826.0,84135.0,60.1712,5.9,71247.0,58.9,101.7,47.0
1971:06,140090.0,83706.0,59.7516,5.9,71254.0,59.0,101.3,47.2
1971:07,140343.0,84340.0,60.0956,6.0,71315.0,58.9,101.3,47.0
1971:08,140596.0,84673.0,60.2243,6.1,71373.0,58.9,101.0,47.3
1971:09,140869.0,84731.0,60.1488,6.0,71614.0,59.1,101.2,47.3
1971:10,141146.0,84872.0,60.1306,5.8,71642.0,59.2,101.4,47.4
1971:11,141393.0,85458.0,60.4401,6.0,71847.0,59.4,102.4,47.5
1971:12,141666.0,85625.0,60.4415,6.0,72109.0,59.8,102.2,47.9
1972:01,142736.0,85978.0,60.2357,5.8,72441.0,60.1,103.8,48.0
1972:02,143017.0,86036.0,60.1579,5.7,72648.0,60.4,104.2,48.2
1972:03,143263.0,86611.0,60.4559,5.8,72944.0,60.8,105.0,48.4
1972:04,143483.0,86614.0,60.3653,5.7,73162.0,60.9,105.3,48.6
1972:05,143760.0,86809.0,60.3847,5.7,73469.0,61.0,105.7,48.5
1972:06,144033.0,87006.0,60.407,5.7,73758.0,61.5,106.4,48.9
1972:07,144285.0,87143.0,60.3964,5.6,73709.0,61.1,105.4,48.8
1972:08,144522.0,87517.0,60.5562,5.6,74141.0,61.5,106.9,48.8
1972:09,144761.0,87392.0,60.3699,5.5,74264.0,61.8,107.1,49.1
1972:10,144988.0,87491.0,60.3436,5.6,74674.0,62.3,108.3,49.5
1972:11,145211.0,87592.0,60.3205,5.3,74973.0,62.4,108.3,49.6
1972:12,145446.0,87943.0,60.4644,5.2,75268.0,62.6,107.7,49.9
1973:01,145720.0,87487.0,60.0377,4.9,75617.0,63.0,108.8,50.1
1973:02,145943.0,88364.0,60.5469,5.0,76014.0,63.6,110.9,50.4
1973:03,146230.0,88846.0,60.7577,4.9,76284.0,64.0,111.7,50.6
1973:04,146459.0,89018.0,60.7802,5.0,76455.0,63.9,111.6,50.5
1973:05,146719.0,88977.0,60.6445,4.9,76648.0,64.0,112.2,50.6
1973:06,146981.0,89548.0,60.9249,4.9,76887.0,64.2,112.5,50.8
1973:07,147233.0,89604.0,60.8586,4.8,76913.0,64.2,112.7,50.8
1973:08,147471.0,89509.0,60.696,4.8,77168.0,64.3,112.4,50.9
1973:09,147731.0,89838.0,60.8119,4.8,77276.0,64.3,112.2,50.8
1973:10,147980.0,90131.0,60.9076,4.6,77607.0,64.4,112.6,51.0
1973:11,148219.0,90716.0,61.204,4.8,77920.0,65.0,113.8,51.2
1973:12,148479.0,90890.0,61.214,4.9,78031.0,64.8,113.5,51.2
1974:01,148753.0,91199.0,61.309,5.1,78100.0,64.5,112.2,51.2
1974:02,148982.0,91485.0,61.4067,5.2,78254.0,64.6,112.6,51.4
1974:03,149225.0,91453.0,61.2853,5.1,78296.0,64.6,112.0,51.4
1974:04,149478.0,91287.0,61.0705,5.1,78382.0,64.3,109.7,51.5
1974:05,149750.0,91596.0,61.1659,5.1,78549.0,64.8,111.4,51.6
1974:06,150012.0,91868.0,61.2404,5.4,78604.0,64.6,110.8,51.8
1974:07,150248.0,92212.0,61.3732,5.5,78636.0,64.5,109.9,51.8
1974:08,150493.0,92059.0,61.1716,5.5,78619.0,64.5,109.7,51.8
1974:09,150753.0,92488.0,61.3507,5.9,78610.0,64.2,108.5,51.8
1974:10,151009.0,92518.0,61.2665,6.0,78630.0,63.9,107.8,51.6
1974:11,151256.0,92766.0,61.3305,6.6,78265.0,63.0,104.4,51.5
1974:12,151494.0,92780.0,61.2433,7.2,77652.0,62.4,101.8,51.3
1975:01,151755.0,93128.0,61.3673,8.1,77293.0,61.7,99.5,51.3
1975:02,151990.0,92776.0,61.0409,8.1,76918.0,60.9,96.2,51.0
1975:03,152217.0,93165.0,61.2054,8.6,76648.0,60.3,94.1,50.8
1975:04,152443.0,93399.0,61.2681,8.8,76460.0,60.2,94.2,50.7
1975:05,152704.0,93884.0,61.481,9.0,76624.0,60.5,94.7,50.9
1975:06,152976.0,93575.0,61.1697,8.8,76521.0,60.5,94.1,51.0
1975:07,153309.0,94021.0,61.3278,8.6,76770.0,60.7,94.7,51.3
1975:08,153580.0,94162.0,61.3114,8.4,77153.0,61.4,96.6,51.6
1975:09,153848.0,94202.0,61.2306,8.4,77228.0,61.6,97.5,51.5
1975:10,154082.0,94267.0,61.1798,8.4,77540.0,61.8,98.0,51.7
1975:11,154338.0,94250.0,61.0673,8.3,77685.0,61.9,98.1,51.9
1975:12,154589.0,94409.0,61.071,8.2,78017.0,62.4,99.8,52.0
1976:01,154853.0,94934.0,61.3059,7.9,78503.0,63.1,101.4,52.5
1976:02,155066.0,94998.0,61.2629,7.7,78816.0,63.4,101.8,52.7
1976:03,155306.0,95215.0,61.308,7.6,79048.0,63.3,101.5,52.6
1976:04,155529.0,95746.0,61.5615,7.7,79292.0,63.4,101.1,53.0
1976:05,155765.0,95847.0,61.5331,7.4,79312.0,63.7,101.9,52.9
1976:06,156027.0,95885.0,61.4541,7.6,79376.0,63.6,101.5,52.8
1976:07,156276.0,96583.0,61.8028,7.8,79547.0,63.7,101.6,53.0
1976:08,156525.0,96741.0,61.8055,7.8,79704.0,63.7,101.6,52.9
1976:09,156779.0,96553.0,61.5854,7.6,79892.0,64.1,102.6,53.2
1976:10,156993.0,96704.0,61.5977,7.7,79911.0,63.6,101.3,53.1
1976:11,157235.0,97254.0,61.8526,7.8,80240.0,63.8,102.3,53.1
1976:12,157438.0,97348.0,61.8326,7.8,80448.0,64.1,102.0,53.5
1977:01,157688.0,97208.0,61.6458,7.5,80690.0,63.8,100.5,53.5
1977:02,157913.0,97785.0,61.9233,7.6,80988.0,64.8,104.1,53.9
1977:03,158131.0,98115.0,62.0467,7.4,81391.0,65.1,105.0,54.0
1977:04,158371.0,98330.0,62.0884,7.2,81728.0,65.6,105.9,54.3
1977:05,158657.0,98665.0,62.1876,7.0,82088.0,65.9,106.8,54.5
1977:06,158929.0,99093.0,62.3505,7.2,82488.0,66.2,107.1,54.7
1977:07,159185.0,98913.0,62.1371,6.9,82834.0,66.3,107.0,55.0
1977:08,159430.0,99366.0,62.3258,7.0,83075.0,66.4,107.0,55.2
1977:09,159674.0,99453.0,62.285,6.8,83532.0,66.6,107.3,55.4
1977:10,159915.0,99815.0,62.4175,6.8,83800.0,67.2,107.9,55.7
1977:11,160129.0,100576.0,62.8094,6.8,84173.0,67.3,108.4,55.8
1977:12,160377.0,100491.0,62.6592,6.4,84410.0,67.4,107.8,56.1
1978:01,160617.0,100873.0,62.8034,6.4,84594.0,66.5,104.7,55.9
1978:02,160831.0,100837.0,62.6975,6.3,84948.0,67.3,107.0,56.3
1978:03,161038.0,101092.0,62.7752,6.3,85460.0,68.2,109.7,56.7
1978:04,161263.0,101574.0,62.9865,6.1,86162.0,68.8,111.8,57.0
1978:05,161518.0,101896.0,63.0865,6.0,86509.0,69.1,111.6,57.1
1978:06,161795.0,102371.0,63.272,5.9,86950.0,69.7,113.1,57.6
1978:07,162034.0,102399.0,63.196,6.2,87204.0,69.9,113.4,57.7
1978:08,162259.0,102511.0,63.1774,5.9,87483.0,69.9,113.5,57.8
1978:09,162502.0,102795.0,63.2577,6.0,87621.0,70.0,113.6,57.9
1978:10,162783.0,103080.0,63.3236,5.8,87956.0,70.4,114.4,58.1
1978:11,163017.0,103562.0,63.5283,5.9,88391.0,70.6,115.3,58.3
1978:12,163272.0,103809.0,63.5804,6.0,88671.0,70.9,115.7,58.5
1979:01,163516.0,104057.0,63.6372,5.9,88808.0,70.8,114.4,58.5
1979:02,163726.0,104502.0,63.8274,5.9,89055.0,71.2,115.1,58.9
1979:03,164027.0,104589.0,63.7633,5.8,89479.0,71.8,117.1,59.2
1979:04,164162.0,104172.0,63.4568,5.8,89417.0,70.7,112.7,58.8
1979:05,164459.0,104171.0,63.3416,5.6,89789.0,71.6,116.1,59.2
1979:06,164721.0,104638.0,63.5244,5.7,90108.0,71.9,116.4,59.6
1979:07,164970.0,105002.0,63.6491,5.7,90217.0,71.8,116.1,59.5
1979:08,165198.0,105096.0,63.6182,6.0,90300.0,71.8,115.7,59.5
1979:09,165431.0,105530.0,63.7909,5.9,90327.0,71.9,115.6,59.6
1979:10,165813.0,105700.0,63.7465,6.0,90481.0,72.1,115.5,59.8
1979:11,166051.0,105812.0,63.7226,5.9,90573.0,72.1,114.6,60.2
1979:12,166300.0,106258.0,63.8954,6.0,90672.0,72.2,114.7,60.1
1980:01,166544.0,106562.0,63.9843,6.3,90800.0,71.8,113.8,60.3
1980:02,166759.0,106697.0,63.9828,6.3,90883.0,71.9,113.5,60.3
1980:03,166984.0,106442.0,63.7438,6.3,90994.0,71.7,112.5,60.3
1980:04,167197.0,106591.0,63.7517,6.9,90849.0,71.0,110.7,59.9
1980:05,167407.0,106929.0,63.8737,7.5,90420.0,70.4,107.7,59.8
1980:06,167643.0,106780.0,63.6949,7.6,90101.0,69.9,106.5,59.8
1980:07,167932.0,107159.0,63.8109,7.8,89840.0,69.4,104.5,59.6
1980:08,168103.0,107105.0,63.7139,7.7,90099.0,70.1,105.9,59.9
1980:09,168297.0,107098.0,63.6363,7.5,90213.0,70.3,106.9,60.1
1980:10,168503.0,107405.0,63.7407,7.5,90490.0,70.7,107.8,60.4
1980:11,168695.0,107568.0,63.7648,7.5,90747.0,71.1,108.6,60.5
1980:12,168883.0,107352.0,63.5659,7.2,90943.0,71.3,109.1,60.7
1981:01,169104.0,108026.0,63.8814,7.5,91033.0,71.6,109.5,61.1
1981:02,169280.0,108242.0,63.9426,7.4,91105.0,71.2,107.6,61.2
1981:03,169453.0,108553.0,64.0608,7.4,91210.0,71.6,109.2,61.1
1981:04,169641.0,108925.0,64.2091,7.2,91283.0,71.7,109.0,61.4
1981:05,169829.0,109222.0,64.3129,7.5,91296.0,71.7,108.8,61.3
1981:06,170042.0,108396.0,63.7466,7.5,91490.0,71.7,108.8,61.2
1981:07,170246.0,108556.0,63.7642,7.2,91601.0,71.8,109.0,61.4
1981:08,170399.0,108725.0,63.8061,7.4,91565.0,71.8,108.7,61.4
1981:09,170593.0,108294.0,63.4809,7.6,91477.0,71.4,107.7,61.5
1981:10,170809.0,109024.0,63.828,7.9,91380.0,71.2,106.9,61.3
1981:11,170996.0,109236.0,63.8822,8.3,91171.0,71.1,105.8,61.4
1981:12,171166.0,108912.0,63.6295,8.5,90895.0,70.4,103.6,61.0
1982:01,171335.0,109089.0,63.67,8.6,90565.0,68.4,96.8,60.5
1982:02,171489.0,109467.0,63.8332,8.9,90563.0,70.5,102.9,61.3
1982:03,171667.0,109567.0,63.8253,9.0,90434.0,70.0,101.4,61.1
1982:04,171844.0,109820.0,63.9068,9.3,90150.0,69.4,99.7,60.8
1982:05,172026.0,110451.0,64.206,9.4,90107.0,69.4,99.4,61.1
1982:06,172190.0,110081.0,63.93,9.6,89865.0,69.1,97.9,60.9
1982:07,172364.0,110342.0,64.0168,9.8,89521.0,68.9,97.2,61.0
1982:08,172511.0,110514.0,64.062,9.8,89363.0,68.5,95.8,61.0
1982:09,172690.0,110721.0,64.1155,10.1,89183.0,68.5,95.6,61.1
1982:10,172881.0,110744.0,64.0579,10.4,88907.0,67.8,93.3,60.6
1982:11,173058.0,111050.0,64.1692,10.8,88786.0,67.6,93.1,60.6
1982:12,173199.0,111083.0,64.1361,10.8,88771.0,67.8,92.9,60.8
1983:01,173354.0,110695.0,63.8549,10.4,88990.0,68.4,94.6,61.0
1983:02,173505.0,110634.0,63.7642,10.4,88917.0,67.6,93.3,60.5
1983:03,173656.0,110587.0,63.6816,10.3,89090.0,68.2,93.9,60.9
1983:04,173794.0,110828.0,63.7698,10.2,89364.0,68.7,94.6,61.3
1983:05,173953.0,110796.0,63.6931,10.1,89644.0,69.1,96.0,61.7
1983:06,174125.0,111879.0,64.2521,10.1,90021.0,69.6,96.9,61.9
1983:07,174306.0,111756.0,64.1148,9.4,90437.0,70.0,98.0,62.2
1983:08,174440.0,112231.0,64.3379,9.5,90129.0,69.6,98.8,61.6
1983:09,174602.0,112298.0,64.3166,9.2,91247.0,71.0,100.0,63.0
1983:10,174779.0,111926.0,64.0386,8.8,91520.0,71.7,100.8,63.4
1983:11,174951.0,112228.0,64.1482,8.5,91875.0,71.8,101.6,63.4
1983:12,175121.0,112327.0,64.1425,8.3,92230.0,72.2,101.8,63.9
1984:01,175533.0,112209.0,63.9247,8.0,92673.0,72.4,103.1,63.9
1984:02,175679.0,112615.0,64.1027,7.8,93157.0,73.3,105.5,64.2
1984:03,175824.0,112713.0,64.1056,7.8,93429.0,73.1,104.4,64.4
1984:04,175969.0,113098.0,64.2715,7.7,93792.0,73.7,105.4,64.9
1984:05,176123.0,113649.0,64.5282,7.4,94098.0,73.7,105.5,64.9
1984:06,176284.0,113817.0,64.5646,7.2,94479.0,74.0,106.0,65.2
1984:07,176440.0,113972.0,64.5953,7.5,94789.0,74.3,106.3,65.4
1984:08,176583.0,113682.0,64.3788,7.5,95032.0,74.3,106.1,65.4
1984:09,176763.0,113857.0,64.4122,7.3,95344.0,74.7,106.1,65.9
1984:10,176956.0,114019.0,64.4335,7.4,95629.0,74.5,105.6,65.8
1984:11,177135.0,114170.0,64.4537,7.2,95982.0,75.0,106.1,66.4
1984:12,177306.0,114581.0,64.6233,7.3,96107.0,75.4,106.2,66.7
1985:01,177384.0,114725.0,64.6761,7.3,96372.0,75.2,105.7,66.6
1985:02,177516.0,114876.0,64.713,7.2,96503.0,75.1,105.1,66.8
1985:03,177667.0,115328.0,64.9124,7.2,96842.0,75.6,106.1,67.1
1985:04,177799.0,115331.0,64.8659,7.3,97038.0,75.7,106.0,67.1
1985:05,177944.0,115234.0,64.7586,7.2,97312.0,76.0,105.6,67.6
1985:06,178096.0,114965.0,64.5523,7.4,97459.0,76.1,105.4,67.8
1985:07,178263.0,115320.0,64.6909,7.4,97648.0,75.9,105.2,67.7
1985:08,178405.0,115291.0,64.6232,7.1,97840.0,76.1,105.5,67.9
1985:09,178572.0,115905.0,64.9066,7.1,98045.0,76.3,105.4,68.2
1985:10,178770.0,116145.0,64.969,7.1,98233.0,76.5,105.4,68.4
1985:11,178940.0,116135.0,64.9016,7.0,98443.0,76.6,105.0,68.6
1985:12,179112.0,116354.0,64.9616,7.0,98609.0,77.0,105.6,69.0
1986:01,179670.0,116682.0,64.9424,6.7,98732.0,77.1,106.0,69.1
1986:02,179821.0,116882.0,64.9991,7.2,98847.0,77.0,104.7,69.0
1986:03,179985.0,117220.0,65.1276,7.2,98934.0,77.0,104.4,69.4
1986:04,180148.0,117316.0,65.122,7.1,99121.0,76.7,104.5,69.1
1986:05,180311.0,117528.0,65.1807,7.2,99248.0,77.1,104.3,69.5
1986:06,180503.0,118084.0,65.4194,7.2,99155.0,76.7,103.7,69.3
1986:07,180682.0,118129.0,65.3795,7.0,99473.0,77.1,103.4,69.7
1986:08,180828.0,118150.0,65.3383,6.9,99588.0,77.4,103.8,69.9
1986:09,180997.0,118395.0,65.4127,7.0,99934.0,77.4,104.1,69.9
1986:10,181186.0,118516.0,65.4112,7.0,100121.0,77.5,103.4,70.3
1986:11,181363.0,118634.0,65.4125,6.9,100308.0,77.9,103.5,70.7
1986:12,181547.0,118611.0,65.3335,6.6,100509.0,77.9,104.0,70.4
1987:01,181827.0,118845.0,65.3616,6.6,100678.0,78.2,104.7,70.8
1987:02,181998.0,119122.0,65.4524,6.6,100919.0,78.7,105.8,71.3
1987:03,182179.0,119270.0,65.4686,6.6,101164.0,78.9,105.1,71.5
1987:04,182344.0,119336.0,65.4455,6.3,101499.0,78.9,104.8,71.6
1987:05,182533.0,120008.0,65.7459,6.3,101728.0,79.4,105.8,72.0
1987:06,182703.0,119644.0,65.4855,6.2,101900.0,79.3,105.3,72.2
1987:07,182885.0,119902.0,65.5614,6.1,102247.0,79.6,105.9,72.2
1987:08,183002.0,120318.0,65.7468,6.0,102420.0,80.0,106.2,72.8
1987:09,183161.0,120011.0,65.5221,5.9,102647.0,80.0,105.7,72.8
1987:10,183311.0,120509.0,65.7402,6.0,103138.0,80.5,107.2,72.9
1987:11,183470.0,120540.0,65.7001,5.8,103372.0,80.7,107.2,73.3
1987:12,183620.0,120729.0,65.7494,5.7,103661.0,80.5,107.8,73.1
1988:01,183822.0,120969.0,65.8077,5.7,103753.0,80.5,106.6,73.2
1988:02,183969.0,121156.0,65.8567,5.7,104214.0,81.2,107.4,73.8
1988:03,184111.0,120913.0,65.674,5.7,104489.0,80.9,107.7,73.6
1988:04,184232.0,121251.0,65.8143,5.4,104732.0,81.4,107.9,74.0
1988:05,184374.0,121071.0,65.666,5.6,104962.0,81.6,108.3,74.2
1988:06,184562.0,121473.0,65.8169,5.4,105326.0,81.9,108.6,74.5
1988:07,184729.0,121665.0,65.8613,5.4,105550.0,82.1,108.6,74.8
1988:08,184830.0,122125.0,66.0742,5.6,105674.0,82.0,107.9,74.7
1988:09,184962.0,121960.0,65.9379,5.4,106013.0,82.2,108.0,74.9
1988:10,185114.0,122206.0,66.0166,5.4,106276.0,82.9,109.0,75.6
1988:11,185244.0,122637.0,66.203,5.3,106617.0,82.9,109.0,75.4
1988:12,185402.0,122622.0,66.1384,5.3,106898.0,83.0,108.6,76.0
1989:01,185644.0,123390.0,66.4659,5.4,107161.0,83.7,109.1,76.7
1989:02,185777.0,123135.0,66.2811,5.2,107427.0,83.4,108.9,76.3
1989:03,185897.0,123227.0,66.2878,5.0,107621.0,83.6,109.1,76.5
1989:04,186024.0,123565.0,66.4242,5.2,107791.0,84.0,109.2,76.9
1989:05,186181.0,123474.0,66.3193,5.2,107913.0,83.6,108.6,76.8
1989:06,186329.0,123995.0,66.5463,5.3,108027.0,83.6,108.3,76.9
1989:07,186483.0,123967.0,66.4763,5.2,108069.0,83.9,108.4,77.2
1989:08,186598.0,124166.0,66.542,5.2,108120.0,83.9,108.6,76.9
1989:09,186726.0,123944.0,66.3775,5.3,108369.0,83.8,108.0,77.0
1989:10,186871.0,124211.0,66.4688,5.3,108476.0,84.4,108.2,77.6
1989:11,187017.0,124637.0,66.6447,5.4,108752.0,84.2,108.1,77.6
1989:12,187165.0,124497.0,66.5172,5.4,108836.0,84.0,106.9,77.6
1990:01,188413.0,125833.0,66.7857,5.4,109196.0,84.8,108.3,78.1
1990:02,188516.0,125710.0,66.684,5.3,109436.0,84.7,108.0,78.0
1990:03,188630.0,125801.0,66.6919,5.2,109640.0,84.8,108.0,78.4
1990:04,188778.0,125649.0,66.5591,5.4,109674.0,84.3,107.2,77.9
1990:05,188913.0,125893.0,66.6407,5.4,109828.0,84.4,107.0,78.1
1990:06,189058.0,125573.0,66.4204,5.2,109850.0,84.7,107.1,78.4
1990:07,189188.0,125732.0,66.4588,5.5,109815.0,84.1,106.3,78.0
1990:08,189342.0,125990.0,66.541,5.7,109607.0,84.3,105.7,78.2
1990:09,189528.0,125892.0,66.424,5.9,109522.0,83.9,105.3,77.9
1990:10,189710.0,125995.0,66.4145,5.9,109377.0,83.5,104.0,77.9
1990:11,189872.0,126070.0,66.3974,6.2,109222.0,83.6,103.2,77.9
1990:12,190017.0,126142.0,66.3846,6.3,109168.0,83.5,103.3,77.9
1991:01,190163.0,125955.0,66.2353,6.4,109058.0,83.1,101.9,77.9
1991:02,190271.0,126020.0,66.2318,6.6,108735.0,82.8,100.7,77.7
1991:03,190381.0,126238.0,66.3081,6.8,108568.0,82.6,99.9,77.6
1991:04,190517.0,126548.0,66.4235,6.7,108350.0,82.2,99.7,77.2
1991:05,190650.0,126176.0,66.182,6.9,108253.0,82.3,99.5,77.4
1991:06,190800.0,126331.0,66.2112,6.9,108330.0,82.3,100.0,77.3
1991:07,190946.0,126154.0,66.0679,6.8,108290.0,82.3,99.9,77.3
1991:08,191116.0,126150.0,66.007,6.9,108300.0,82.4,99.9,77.6
1991:09,191302.0,126650.0,66.2042,6.9,108335.0,82.4,100.0,77.4
1991:10,191497.0,126642.0,66.1326,7.0,108361.0,82.4,99.8,77.6
1991:11,191657.0,126701.0,66.1082,7.0,108300.0,82.3,99.2,77.6
1991:12,191798.0,126664.0,66.0403,7.3,108330.0,82.3,99.4,77.5
1992:01,191953.0,127261.0,66.298,7.3,108365.0,82.3,99.0,77.8
1992:02,192067.0,127207.0,66.2305,7.4,108312.0,82.3,99.0,77.6
1992:03,192204.0,127604.0,66.3899,7.4,108367.0,82.4,98.6,77.7
1992:04,192354.0,127841.0,66.4613,7.4,108516.0,83.0,99.4,78.3
1992:05,192503.0,128119.0,66.5543,7.6,108646.0,83.1,99.2,78.5
1992:06,192663.0,128459.0,66.6755,7.8,108706.0,83.0,98.8,78.3
1992:07,192826.0,128563.0,66.6731,7.7,108793.0,83.0,98.7,78.4
1992:08,193018.0,128613.0,66.6326,7.6,108916.0,83.1,98.6,78.8
1992:09,193229.0,128501.0,66.5019,7.6,108951.0,83.4,98.2,79.2
1992:10,193442.0,128026.0,66.1831,7.3,109139.0,83.4,98.6,79.1
1992:11,193621.0,128441.0,66.3363,7.4,109283.0,83.5,98.7,79.1
1992:12,193784.0,128554.0,66.3388,7.4,109502.0,83.7,99.0,79.5
1993:01,193962.0,128400.0,66.1985,7.3,109790.0,84.3,99.9,80.0
1993:02,194108.0,128458.0,66.1786,7.1,110047.0,84.6,100.6,80.3
1993:03,194248.0,128598.0,66.203,7.0,110004.0,84.0,99.5,79.8
1993:04,194398.0,128584.0,66.1447,7.1,110300.0,85.0,100.7,80.6
1993:05,194549.0,129264.0,66.4429,7.1,110571.0,85.0,100.5,80.6
1993:06,194719.0,129411.0,66.4604,7.0,110742.0,85.2,100.2,81.0
1993:07,194882.0,129397.0,66.3976,6.9,111054.0,85.6,100.5,81.3
1993:08,195063.0,129619.0,66.4498,6.8,111200.0,85.6,100.9,81.2
1993:09,195259.0,129268.0,66.2034,6.7,111448.0,86.1,101.5,81.7
1993:10,195444.0,129573.0,66.2967,6.8,111734.0,86.3,101.6,81.9
1993:11,195625.0,129711.0,66.3059,6.6,111987.0,86.6,102.1,82.2
1993:12,195794.0,129941.0,66.3662,6.5,112325.0,87.1,102.7,82.7
1994:01,195953.0,130596.0,66.6466,6.6,112601.0,87.1,103.0,82.6
1994:02,196090.0,130669.0,66.6373,6.6,112782.0,86.8,101.6,82.9
1994:03,196213.0,130400.0,66.4584,6.5,113245.0,88.0,104.2,83.5
1994:04,196363.0,130621.0,66.5202,6.4,113589.0,88.3,104.7,83.8
1994:05,196510.0,130779.0,66.5508,6.1,113922.0,88.6,105.3,83.8
1994:06,196693.0,130561.0,66.3781,6.1,114239.0,88.9,105.7,84.4
1994:07,196859.0,130652.0,66.3683,6.1,114608.0,89.5,106.0,84.7
1994:08,197043.0,131275.0,66.6225,6.0,114902.0,89.6,106.1,84.7
1994:09,197248.0,131421.0,66.6273,5.9,115246.0,89.9,106.5,85.0
1994:10,197430.0,131744.0,66.7295,5.8,115457.0,90.1,106.7,85.5
1994:11,197607.0,131891.0,66.7441,5.6,115867.0,90.5,107.4,85.6
1994:12,197765.0,131951.0,66.7211,5.5,116174.0,90.8,107.9,86.2
1995:01,197753.0,132038.0,66.7692,5.6,116505.0,91.1,108.1,86.2
1995:02,197886.0,132115.0,66.7632,5.4,116694.0,90.9,106.8,86.4
1995:03,198007.0,132108.0,66.7189,5.4,116908.0,91.1,107.5,86.4
1995:04,198148.0,132590.0,66.9146,5.8,117066.0,90.8,106.2,86.5
1995:05,198286.0,131851.0,66.4954,5.6,117046.0,90.8,105.9,86.6
1995:06,198453.0,131949.0,66.4888,5.6,117291.0,91.2,106.5,87.1
1995:07,198615.0,132343.0,66.6329,5.7,117382.0,91.3,106.3,87.0
1995:08,198801.0,132336.0,66.5671,5.7,117646.0,91.6,106.9,87.3
1995:09,199005.0,132611.0,66.637,5.6,117873.0,91.8,107.1,87.8
1995:10,199192.0,132716.0,66.6272,5.5,118026.0,91.7,107.1,87.6
1995:11,199355.0,132614.0,66.5215,5.6,118165.0,92.0,106.9,88.1
1995:12,199508.0,132511.0,66.4189,5.6,118325.0,92.0,106.3,88.0
1996:01,199634.0,132616.0,66.4296,5.6,118317.0,90.8,103.4,87.4
1996:02,199773.0,132952.0,66.5515,5.5,118738.0,92.6,107.5,88.6
1996:03,199921.0,133180.0,66.6163,5.5,118992.0,92.8,106.9,88.9
1996:04,200101.0,133409.0,66.6708,5.6,119158.0,92.7,107.5,88.8
1996:05,200278.0,133667.0,66.7407,5.6,119497.0,93.3,107.7,89.4
1996:06,200459.0,133697.0,66.6954,5.3,119770.0,93.8,108.4,89.6
1996:07,200641.0,134284.0,66.9275,5.5,120019.0,93.7,108.0,89.6
1996:08,200847.0,134054.0,66.7443,5.1,120198.0,94.3,108.9,90.1
1996:09,201061.0,134515.0,66.9026,5.2,120400.0,94.4,109.0,90.2
1996:10,201273.0,134921.0,67.0338,5.2,120665.0,94.7,109.3,90.5
1996:11,201463.0,135007.0,67.0133,5.4,120947.0,94.9,109.4,91.0
1996:12,201636.0,135113.0,67.0084,5.4,121143.0,95.1,109.8,90.9
1997:01,202285.0,135456.0,66.9629,5.3,121356.0,95.0,108.4,91.1
1997:02,202389.0,135400.0,66.9009,5.2,121673.0,95.6,110.0,91.7
1997:03,202513.0,135891.0,67.1024,5.2,121991.0,96.1,110.9,92.0
1997:04,202674.0,136016.0,67.1107,5.1,122289.0,96.4,111.1,92.3
1997:05,202832.0,136119.0,67.1092,4.9,122560.0,97.0,111.1,92.9
1997:06,203000.0,136211.0,67.099,5.0,122816.0,96.3,110.6,92.5
1997:07,203166.0,136477.0,67.1751,4.9,123114.0,97.1,111.0,93.0
1997:08,203364.0,136618.0,67.179,4.8,123087.0,97.3,111.5,93.5
1997:09,203570.0,136675.0,67.1391,4.9,123575.0,97.8,112.0,93.6
1997:10,203767.0,136633.0,67.0535,4.7,123924.0,98.0,112.0,93.9
1997:11,203941.0,136961.0,67.1572,4.6,124225.0,98.0,112.0,94.1
1997:12,204098.0,137155.0,67.2006,4.7,124549.0,98.5,113.2,94.3
1998:01,204238.0,137095.0,67.1251,4.6,124806.0,98.7,112.9,94.8
1998:02,204400.0,137112.0,67.0802,4.6,125017.0,98.6,113.2,94.7
1998:03,204547.0,137236.0,67.0926,4.7,125165.0,98.4,112.2,94.6
1998:04,204731.0,137150.0,66.9903,4.3,125445.0,98.6,111.9,95.0
1998:05,204899.0,137372.0,67.0438,4.4,125845.0,99.2,112.7,95.4
1998:06,205085.0,137455.0,67.0234,4.5,126076.0,99.1,112.5,95.6
1998:07,205270.0,137588.0,67.0278,4.5,126212.0,99.4,111.3,95.9
1998:08,205479.0,137570.0,66.9509,4.5,126546.0,99.7,112.7,96.1
1998:09,205699.0,138286.0,67.2274,4.6,126744.0,99.6,112.0,95.9
1998:10,205919.0,138279.0,67.1521,4.5,126949.0,100.1,112.7,96.5
1998:11,206104.0,138381.0,67.1413,4.4,127222.0,100.0,112.3,96.8
1998:12,206270.0,138634.0,67.21,4.4,127595.0,100.6,113.5,97.0
1999:01,206719.0,139003.0,67.2425,4.3,127699.0,100.4,112.0,97.2
1999:02,206873.0,138967.0,67.175,4.4,128117.0,101.0,112.4,97.6
1999:03,207036.0,138730.0,67.0077,4.2,128234.0,100.5,111.4,97.5
1999:04,207236.0,138959.0,67.0535,4.3,128595.0,101.1,112.1,98.0
1999:05,207427.0,139107.0,67.0631,4.2,128813.0,101.0,112.2,97.9
1999:06,207632.0,139329.0,67.1038,4.3,129084.0,101.5,112.5,98.2
1999:07,207828.0,139439.0,67.0935,4.3,129422.0,101.7,112.7,98.7
1999:08,208038.0,139430.0,67.0214,4.2,129572.0,101.8,112.7,98.6
1999:09,208265.0,139622.0,67.0405,4.2,129771.0,101.7,113.1,98.8
1999:10,208483.0,139771.0,67.0419,4.1,130178.0,102.4,113.1,99.5
1999:11,208666.0,140025.0,67.1048,4.1,130466.0,102.6,113.7,99.4
1999:12,208832.0,140177.0,67.1243,4.0,130783.0,102.9,113.3,100.1
2000:01,211410.0,142267.0,67.2944,4.0,131011.0,103.1,113.7,99.9
2000:02,211576.0,142456.0,67.3309,4.1,131120.0,103.1,114.2,100.0
2000:03,211772.0,142434.0,67.2582,4.0,131604.0,103.4,114.0,100.3
2000:04,212018.0,142751.0,67.3297,3.8,131884.0,103.7,114.5,100.7
2000:05,212242.0,142388.0,67.0876,4.0,132105.0,103.3,113.1,100.5
2000:06,212466.0,142591.0,67.1124,4.0,132063.0,103.5,113.3,100.8
2000:07,212677.0,142278.0,66.8986,4.0,132228.0,103.6,113.9,100.9
2000:08,212916.0,142514.0,66.9344,4.1,132234.0,103.3,112.8,101.0
2000:09,213163.0,142518.0,66.8587,3.9,132337.0,103.8,112.5,101.3
2000:10,213405.0,142622.0,66.8316,3.9,132352.0,103.5,113.0,101.0
2000:11,213540.0,142962.0,66.9486,3.9,132556.0,103.7,112.0,101.5
2000:12,213736.0,143248.0,67.021,3.9,132716.0,103.1,110.3,101.3
2001:01,213888.0,143800.0,67.2314,4.2,132703.0,103.7,110.5,101.7
2001:02,214110.0,143701.0,67.1155,4.2,132788.0,103.0,109.6,101.4
2001:03,214305.0,143924.0,67.1585,4.3,132751.0,103.3,109.8,101.3
2001:04,214525.0,143569.0,66.9241,4.4,132458.0,102.7,108.7,100.9
2001:05,214732.0,143318.0,66.7427,4.3,132408.0,102.6,108.1,100.9
2001:06,214950.0,143357.0,66.6932,4.5,132300.0,102.4,107.3,101.1
2001:07,215180.0,143654.0,66.7599,4.6,132172.0,102.2,107.2,100.8
2001:08,215420.0,143284.0,66.5138,4.9,132021.0,101.8,105.4,100.8
2001:09,215665.0,143989.0,66.7651,5.0,131763.0,101.2,104.2,100.3
2001:10,215903.0,144086.0,66.7365,5.3,131452.0,100.6,103.2,99.8
2001:11,216117.0,144240.0,66.7416,5.5,131144.0,100.5,102.8,99.8
2001:12,216315.0,144305.0,66.7106,5.7,130983.0,100.4,102.6,99.8
2002:01,216506.0,143883.0,66.4568,5.7,130859.0,100.1,101.8,99.6
2002:02,216663.0,144653.0,66.7641,5.7,130737.0,100.3,101.5,99.9
2002:03,216823.0,144481.0,66.6355,5.7,130722.0,100.6,101.3,100.3
2002:04,217006.0,144725.0,66.6917,5.9,130616.0,100.4,101.2,100.2
2002:05,217198.0,144938.0,66.7308,5.8,130632.0,100.2,100.2,100.1
2002:06,217407.0,144808.0,66.6069,5.8,130674.0,100.1,100.5,100.0
2002:07,217630.0,144803.0,66.5363,5.8,130584.0,99.6,99.5,99.9
2002:08,217866.0,145009.0,66.5588,5.7,130581.0,99.9,99.3,99.9
2002:09,218107.0,145552.0,66.7342,5.7,130502.0,99.9,99.1,100.2
2002:10,218340.0,145314.0,66.554,5.7,130617.0,99.7,98.5,100.1
2002:11,218548.0,145041.0,66.3657,5.9,130616.0,99.6,98.1,100.0
2002:12,218741.0,145066.0,66.3186,6.0,130465.0,99.4,98.1,99.9
2003:01,219897.0,145937.0,66.3661,5.8,130573.0,99.1,97.5,99.7
2003:02,220114.0,146100.0,66.3747,5.9,130441.0,98.7,96.3,99.4
2003:03,220317.0,146022.0,66.2781,5.9,130235.0,98.7,96.5,99.4
2003:04,220540.0,146474.0,66.4161,6.0,130173.0,98.3,95.2,99.2
2003:05,220768.0,146500.0,66.3593,6.1,130197.0,98.6,95.7,99.2
2003:06,221014.0,147056.0,66.537,6.3,130186.0,98.3,95.5,99.2
2003:07,221252.0,146485.0,66.2073,6.2,130184.0,98.3,94.6,99.3
2003:08,221507.0,146445.0,66.113,6.1,130153.0,98.6,95.1,99.6
2003:09,221779.0,146530.0,66.0703,6.1,130252.0,98.5,95.4,99.5
2003:10,222039.0,146716.0,66.0767,6.0,130439.0,98.8,95.5,99.9
2003:11,222279.0,147000.0,66.1331,5.8,130480.0,99.2,96.0,100.0
2003:12,222509.0,146729.0,65.943,5.7,130589.0,98.7,95.3,99.8
2004:01,222161.0,146842.0,66.0971,5.7,130756.0,99.1,95.9,99.9
2004:02,222357.0,146709.0,65.979,5.6,130821.0,99.4,96.1,100.3
2004:03,222550.0,146944.0,66.0274,5.8,131140.0,99.4,96.4,100.2
2004:04,222757.0,146850.0,65.9239,5.6,131412.0,99.7,95.7,100.5
2004:05,222967.0,147065.0,65.9582,5.6,131697.0,100.3,97.1,101.1
2004:06,223196.0,147460.0,66.0675,5.6,131794.0,99.9,96.5,100.7
2004:07,223422.0,147692.0,66.1045,5.5,131854.0,100.6,97.2,101.4
2004:08,223677.0,147564.0,65.9719,5.4,131939.0,100.5,97.4,101.3
2004:09,223941.0,147415.0,65.8276,5.4,132089.0,100.7,97.5,101.8
2004:10,224192.0,147793.0,65.9225,5.5,132429.0,101.3,97.2,102.2
2004:11,224422.0,148162.0,66.0194,5.4,132503.0,101.1,97.1,101.9
2004:12,224640.0,148059.0,65.9095,5.4,132630.0,101.5,97.8,102.4
2005:01,224837.0,148029.0,65.8384,5.3,132781.0,101.3,96.7,102.6
2005:02,225041.0,148364.0,65.9275,5.4,133034.0,101.9,97.4,102.9
2005:03,225236.0,148391.0,65.8825,5.2,133154.0,101.8,97.3,103.0
2005:04,225441.0,148926.0,66.0599,5.2,133520.0,102.5,98.3,103.4
2005:05,225670.0,149261.0,66.1413,5.1,133689.0,102.3,98.2,103.5
2005:06,225911.0,149238.0,66.0605,5.0,133948.0,102.6,98.3,103.9
2005:07,226153.0,149432.0,66.0756,5.0,134300.0,102.9,98.4,104.2
2005:08,226421.0,149779.0,66.1507,4.9,134502.0,103.1,98.6,104.4
2005:09,226693.0,149954.0,66.1485,5.0,134552.0,103.5,99.3,104.5
2005:10,226959.0,150001.0,66.0917,5.0,134641.0,103.7,100.3,104.6
2005:11,227204.0,150065.0,66.0486,5.0,134997.0,104.0,101.3,104.9
2005:12,227425.0,150030.0,65.969,4.9,135159.0,104.2,100.6,105.1
2006:01,227553.0,150214.0,66.0128,4.7,135427.0,104.9,102.1,105.7
2006:02,227763.0,150641.0,66.1394,4.8,135733.0,104.9,102.2,105.7
2006:03,227975.0,150813.0,66.1533,4.7,136038.0,105.2,102.4,105.7
2006:04,228199.0,150881.0,66.1182,4.7,136210.0,105.7,103.3,106.2
2006:05,228428.0,151069.0,66.1342,4.6,136249.0,105.2,102.4,106.0
2006:06,228671.0,151354.0,66.1885,4.6,136337.0,105.9,103.0,106.4
2006:07,228912.0,151377.0,66.1289,4.7,136529.0,106.0,103.1,106.6
2006:08,229167.0,151716.0,66.2032,4.7,136692.0,105.9,103.1,106.8
2006:09,229420.0,151662.0,66.1067,4.5,136826.0,105.9,102.0,107.0
2006:10,229675.0,152041.0,66.1983,4.4,136843.0,106.3,102.3,107.2
2006:11,229905.0,152406.0,66.2909,4.5,137060.0,106.2,101.4,107.5
2006:12,230108.0,152732.0,66.3741,4.4,137249.0,106.7,102.5,108.1
2007:01,230650.0,153144.0,66.3967,4.6,137472.0,106.6,101.8,107.9
2007:02,230834.0,152983.0,66.274,4.5,137560.0,106.4,100.6,108.1
2007:03,231034.0,153051.0,66.2461,4.4,137784.0,107.2,102.1,108.7
2007:04,231253.0,152435.0,65.917,4.5,137847.0,107.0,101.8,108.5
2007:05,231480.0,152670.0,65.9539,4.4,137992.0,107.2,101.9,108.7
2007:06,231713.0,153041.0,66.0477,4.6,138070.0,107.7,102.3,109.1
2007:07,231958.0,153054.0,65.9835,4.7,138044.0,107.4,102.2,108.9
2007:08,232211.0,152749.0,65.7803,4.6,138013.0,107.4,101.3,109.0
2007:09,232461.0,153414.0,65.9956,4.7,138099.0,107.5,101.4,109.2
2007:10,232715.0,153183.0,65.8243,4.7,138175.0,107.6,101.0,109.4
2007:11,232939.0,153835.0,66.0409,4.7,138290.0,107.7,101.4,109.1
2007:12,233156.0,153918.0,66.015,5.0,138395.0,107.8,100.7,109.7
2008:01,232616.0,154063.0,66.2306,5.0,138391.0,107.5,100.6,109.4
2008:02,232809.0,153653.0,65.9996,4.9,138329.0,107.4,99.9,109.3
2008:03,232995.0,153908.0,66.0564,5.1,138259.0,107.7,100.2,109.7
2008:04,233198.0,153769.0,65.9392,5.0,138040.0,107.1,99.1,109.6
2008:05,233405.0,154303.0,66.1096,5.4,137851.0,106.9,98.0,109.4
2008:06,233627.0,154313.0,66.051,5.6,137700.0,106.7,97.9,109.3
2008:07,233864.0,154469.0,66.0508,5.8,137497.0,106.2,96.9,108.9
2008:08,234107.0,154641.0,66.0557,6.1,137211.0,106.2,96.4,109.0
2008:09,234360.0,154570.0,65.9541,6.1,136760.0,105.3,94.6,108.4
2008:10,234612.0,154876.0,66.0137,6.5,136291.0,105.1,93.7,108.1
2008:11,234828.0,154639.0,65.852,6.8,135541.0,103.7,91.4,107.1
2008:12,235035.0,154655.0,65.8008,7.3,134847.0,102.8,89.2,106.3
2009:01,234739.0,154210.0,65.6942,7.8,134079.0,101.6,86.6,105.9
2009:02,234913.0,154538.0,65.7852,8.3,133318.0,101.3,85.4,105.7
2009:03,235086.0,154133.0,65.5645,8.7,132494.0,99.9,82.7,104.6
2009:04,235271.0,154509.0,65.6728,9.0,131822.0,99.2,81.1,104.0
2009:05,235452.0,154747.0,65.7234,9.4,131466.0,98.6,79.9,104.0
2009:06,235655.0,154716.0,65.6536,9.5,131008.0,98.2,79.2,103.4
2009:07,235870.0,154502.0,65.503,9.5,130662.0,98.3,79.0,103.6
2009:08,236087.0,154307.0,65.3602,9.6,130472.0,98.1,78.4,103.5
2009:09,236322.0,153827.0,65.0921,9.8,130246.0,98.0,77.8,103.4
2009:10,236550.0,153784.0,65.0112,10.0,130061.0,97.7,77.2,103.2
2009:11,236743.0,153878.0,64.9979,9.9,130057.0,98.0,78.0,103.6
2009:12,236924.0,153111.0,64.6245,9.9,129808.0,97.9,77.5,103.6
2010:01,236832.0,153484.0,64.8071,9.8,129802.0,98.2,77.9,103.9
2010:02,236998.0,153694.0,64.8503,9.8,129706.0,97.5,76.7,103.6
2010:03,237159.0,153954.0,64.9159,9.9,129866.0,98.3,77.7,103.7
2010:04,237329.0,154622.0,65.1509,9.9,130120.0,98.7,79.1,104.2
2010:05,237499.0,154091.0,64.8807,9.6,130642.0,98.8,79.0,104.3
2010:06,237690.0,153616.0,64.6287,9.4,130510.0,98.6,78.7,104.4
2010:07,237890.0,153691.0,64.6059,9.4,130415.0,99.0,78.6,104.8
2010:08,238099.0,154086.0,64.7151,9.5,130415.0,99.4,79.2,104.9
2010:09,238322.0,153975.0,64.608,9.5,130341.0,99.5,79.3,105.1
2010:10,238530.0,153635.0,64.4091,9.4,130620.0,100.0,79.5,105.6
2010:11,238715.0,154125.0,64.5644,9.8,130749.0,99.8,79.6,105.4
2010:12,238889.0,153650.0,64.3186,9.3,130830.0,100.0,79.4,105.6
2011:01,238704.0,153263.0,64.2063,9.1,130837.0,99.6,78.5,105.6
2011:02,238851.0,153214.0,64.1463,9.0,131057.0,100.2,80.2,105.8
2011:03,239000.0,153376.0,64.1741,9.0,131283.0,100.4,80.1,106.1
2011:04,239146.0,153543.0,64.2047,9.1,131597.0,101.0,80.8,106.7
2011:05,239313.0,153479.0,64.1332,9.0,131703.0,101.2,81.2,106.9
2011:06,239489.0,153346.0,64.0305,9.1,131931.0,101.4,81.1,107.0
2011:07,239671.0,153288.0,63.9577,9.0,131992.0,101.9,81.5,107.5
2011:08,239871.0,153760.0,64.1011,9.0,132125.0,101.4,81.4,107.0
2011:09,240071.0,154131.0,64.2023,9.0,132344.0,102.0,81.8,107.3
2011:10,240269.0,153961.0,64.0786,8.8,132553.0,102.5,81.9,108.2
2011:11,240441.0,154128.0,64.1022,8.6,132690.0,102.4,82.2,108.1
2011:12,240584.0,153995.0,64.0088,8.5,132888.0,102.9,82.6,108.3
2012:01,242269.0,154381.0,63.723,8.3,133246.0,103.5,83.2,109.3
2012:02,242435.0,154671.0,63.799,8.3,133509.0,103.5,83.2,109.4
2012:03,242604.0,154749.0,63.7867,8.2,133748.0,103.7,83.3,109.2
2012:04,242784.0,154545.0,63.6553,8.2,133825.0,103.8,83.6,109.3
2012:05,242966.0,154866.0,63.7398,8.2,133932.0,103.7,83.3,109.5
2012:06,243155.0,155083.0,63.7795,8.2,134013.0,104.1,83.4,109.6
2012:07,243354.0,154948.0,63.6719,8.2,134157.0,104.2,83.6,109.7
2012:08,243566.0,154763.0,63.5405,8.1,134339.0,104.0,83.1,109.9
2012:09,243772.0,155160.0,63.6496,7.8,134517.0,104.5,83.1,110.5
2012:10,243983.0,155554.0,63.7561,7.8,134669.0,104.4,83.3,110.4
2012:11,244174.0,155338.0,63.6177,7.7,134825.0,104.5,83.3,110.5
2012:12,244350.0,155628.0,63.6906,7.9,135074.0,105.4,83.9,111.1
2013:01,244663.0,155763.0,63.6643,8.0,135257.0,104.9,84.0,110.8
2013:02,244828.0,155312.0,63.4372,7.7,135546.0,105.4,84.6,111.4
2013:03,244995.0,155005.0,63.2686,7.5,135689.0,105.9,84.8,111.6
2013:04,245175.0,155394.0,63.3809,7.6,135873.0,105.4,84.4,111.5
2013:05,245363.0,155536.0,63.3902,7.5,136096.0,105.9,84.7,111.7
2013:06,245552.0,155749.0,63.4281,7.5,136279.0,106.1,84.6,112.2
2013:07,245756.0,155599.0,63.3144,7.3,136391.0,105.6,84.6,111.7
2013:08,245959.0,155605.0,63.2646,7.2,136646.0,106.2,85.0,112.3
2013:09,246168.0,155687.0,63.2442,7.2,136821.0,106.7,85.3,112.5
2013:10,246381.0,154673.0,62.778,7.2,137041.0,106.6,85.4,112.3
2013:11,246567.0,155265.0,62.9707,6.9,137317.0,106.8,86.0,112.9
2013:12,246745.0,155182.0,62.8916,6.7,137372.0,106.9,85.3,112.7
2014:01,246915.0,155352.0,62.9172,6.6,137561.0,106.7,85.3,112.8
2014:02,247085.0,155483.0,62.9269,6.7,137712.0,106.6,85.2,112.6
2014:03,247258.0,156028.0,63.1033,6.7,137985.0,107.8,86.9,113.6
2014:04,247439.0,155369.0,62.7908,6.2,138298.0,108.1,86.8,113.9
2014:05,247622.0,155684.0,62.8716,6.3,138513.0,108.3,87.2,114.1
2014:06,247814.0,155707.0,62.8322,6.1,138849.0,108.5,87.7,114.3
2014:07,248023.0,156007.0,62.9002,6.2,139072.0,108.7,88.0,114.5
2014:08,248229.0,156130.0,62.8976,6.1,139269.0,108.9,88.3,114.7
2014:09,248446.0,156040.0,62.8064,5.9,139563.0,109.1,88.7,114.9
2014:10,248657.0,156417.0,62.9047,5.7,139798.0,109.3,88.9,115.0
2014:11,248844.0,156494.0,62.8884,5.8,140089.0,109.8,89.0,115.6
2014:12,249027.0,156332.0,62.7771,5.6,140364.0,110.1,89.2,115.9
2015:01,249723.0,157030.0,62.8817,5.7,140568.0,109.9,89.0,115.7
2015:02,249899.0,156644.0,62.6829,5.5,140827.0,110.4,88.9,116.3
2015:03,250080.0,156643.0,62.6372,5.4,140923.0,110.2,88.4,116.1
2015:04,250266.0,157060.0,62.7572,5.4,141196.0,110.0,88.5,116.3
2015:05,250455.0,157651.0,62.9458,5.6,141538.0,110.4,88.6,116.6
2015:06,250663.0,157062.0,62.6586,5.3,141709.0,110.5,88.9,116.4
2015:07,250876.0,156997.0,62.5795,5.2,141991.0,111.0,89.0,116.9
2015:08,251096.0,157172.0,62.5944,5.1,142125.0,111.5,89.2,117.5
2015:09,251325.0,156733.0,62.3627,5.0,142275.0,111.3,89.0,117.3
2015:10,251541.0,157167.0,62.4817,5.0,142579.0,111.5,89.5,117.5
2015:11,251747.0,157463.0,62.5481,5.1,142808.0,111.7,89.4,117.7
2015:12,251936.0,158035.0,62.7282,5.0,143077.0,112.3,89.9,118.4
2016:01,252397.0,158280.0,62.7107,4.8,143210.0,112.0,90.0,118.5
2016:02,252577.0,158640.0,62.8086,4.9,143406.0,111.9,89.1,118.3
2016:03,252768.0,159179.0,62.9743,5.0,143662.0,112.0,88.9,118.2
2016:04,252969.0,159141.0,62.9093,5.1,143854.0,112.1,89.1,118.7
2016:05,253174.0,158784.0,62.7173,4.8,143900.0,112.2,88.9,118.8
2016:06,253397.0,158967.0,62.7344,4.9,144147.0,112.4,89.2,119.1
2016:07,253620.0,159194.0,62.7687,4.8,144520.0,112.7,89.6,119.3
2016:08,253854.0,159562.0,62.8558,4.9,144661.0,112.5,89.0,119.1
2016:09,254091.0,159714.0,62.857,5.0,144967.0,113.0,89.3,119.8
2016:10,254321.0,159605.0,62.7573,4.9,145065.0,113.2,89.6,119.9
2016:11,254540.0,159506.0,62.6644,4.7,145183.0,113.3,89.8,119.7
2016:12,254742.0,159678.0,62.6822,4.7,145408.0,113.2,89.5,119.9
2017:01,254082.0,159620.0,62.8222,4.7,145628.0,113.8,89.6,120.2
2017:02,254246.0,159859.0,62.8757,4.6,145846.0,114.0,90.1,120.4
2017:03,254414.0,160137.0,62.9435,4.4,145970.0,113.8,89.9,120.5
2017:04,254588.0,160345.0,62.9822,4.4,146175.0,114.6,90.5,121.5
2017:05,254767.0,160068.0,62.8292,4.4,146380.0,114.4,90.8,121.3
2017:06,254957.0,160192.0,62.831,4.3,146583.0,115.0,90.9,121.4
2017:07,255151.0,160462.0,62.889,4.3,146772.0,115.1,90.7,121.6
2017:08,255357.0,160586.0,62.8869,4.4,146919.0,114.9,91.3,121.7
2017:09,255562.0,161140.0,63.0532,4.3,147008.0,115.0,91.1,121.8
2017:10,255766.0,160309.0,62.678,4.2,147149.0,115.5,91.6,122.3
2017:11,255949.0,160579.0,62.7387,4.2,147372.0,116.1,92.3,122.5
2017:12,256109.0,160535.0,62.6823,4.1,147523.0,115.8,91.9,122.6
2018:01,256780.0,160914.0,62.6661,4.0,147660.0,115.5,91.9,121.9
2018:02,256934.0,161778.0,62.9648,4.1,148054.0,116.5,93.3,122.9
2018:03,257097.0,161686.0,62.8891,4.0,148280.0,116.4,93.5,122.7
2018:04,257272.0,161771.0,62.8794,4.0,148420.0,116.9,94.1,122.9
2018:05,257454.0,161848.0,62.8648,3.8,148742.0,116.9,94.2,123.2
2018:06,257642.0,162210.0,62.9595,4.0,148960.0,117.4,94.6,123.7
2018:07,257843.0,162341.0,62.9612,3.8,149020.0,117.5,94.8,123.8
2018:08,258066.0,161660.0,62.6429,3.8,149277.0,117.3,94.5,124.0
2018:09,258290.0,162087.0,62.7539,3.7,149358.0,117.4,94.2,124.0
2018:10,258514.0,162602.0,62.8987,3.8,149527.0,117.6,94.6,123.8
2018:11,258708.0,162836.0,62.942,3.8,149617.0,117.7,94.3,124.0
2018:12,258888.0,163206.0,63.0412,3.9,149809.0,117.8,95.0,124.1
2019:01,258239.0,162963.0,63.1055,4.0,150060.0,118.4,95.9,124.6
2019:02,258392.0,162999.0,63.0821,3.8,150067.0,117.7,93.9,124.3
2019:03,258537.0,162904.0,63.0099,3.8,150295.0,118.2,94.7,124.9
2019:04,258693.0,162586.0,62.849,3.7,150591.0,118.0,94.5,124.7
2019:05,258861.0,162751.0,62.872,3.6,150618.0,118.0,94.3,124.7
2019:06,259037.0,163168.0,62.9902,3.6,150838.0,118.5,94.9,124.8
2019:07,259225.0,163590.0,63.1073,3.7,150937.0,117.9,94.1,124.6
2019:08,259432.0,163774.0,63.1279,3.6,151169.0,118.4,94.7,125.1
2019:09,259638.0,164092.0,63.2003,3.5,151365.0,118.5,95.2,125.3
2019:10,259845.0,164416.0,63.2746,3.6,151460.0,118.6,94.2,125.0
2019:11,260020.0,164496.0,63.2628,3.6,151667.0,118.4,94.1,125.2
2019:12,260181.0,164699.0,63.3017,3.6,151794.0,118.8,93.5,125.8
2020:01,259502.0,164377.0,63.3432,3.6,152031.0,119.0,93.7,126.0
2020:02,259628.0,164467.0,63.3472,3.5,152293.0,119.2,94.0,126.2
2020:03,259758.0,162559.0,62.5809,4.4,150895.0,117.3,92.8,124.5
2020:04,259896.0,156269.0,60.1275,14.8,130426.0,97.5,76.4,103.3
2020:05,260047.0,158101.0,60.7971,13.2,133040.0,102.3,81.4,108.0
2020:06,260204.0,159994.0,61.4879,11.0,137671.0,106.7,85.1,112.8
2020:07,260373.0,160132.0,61.501,10.2,139255.0,108.2,86.2,114.3
2020:08,260558.0,160706.0,61.6776,8.4,140821.0,109.8,87.3,116.1
2020:09,260742.0,160174.0,61.4301,7.8,141770.0,110.8,87.1,117.6
2020:10,260925.0,161003.0,61.7047,6.9,142460.0,111.9,88.1,118.5
2020:11,261085.0,160629.0,61.5236,6.7,142733.0,112.8,88.7,119.5
2020:12,261230.0,160745.0,61.5339,6.7,142548.0,112.3,89.3,118.8
2021:01,260851.0,160081.0,61.3688,6.4,142863.0,113.2,89.8,119.8
2021:02,260918.0,160248.0,61.417,6.2,143380.0,112.1,87.8,118.8
2021:03,261003.0,160439.0,61.4702,6.1,144232.0,114.2,90.5,120.9
2021:04,261103.0,160799.0,61.5845,6.1,144587.0,114.4,89.9,121.3
2021:05,261210.0,160806.0,61.562,5.8,145065.0,115.0,89.7,122.0
2021:06,261338.0,161202.0,61.6833,5.9,145820.0,115.2,89.2,122.2
2021:07,261469.0,161543.0,61.7828,5.4,146762.0,115.9,90.0,123.0
2021:08,261611.0,161527.0,61.7432,5.1,147314.0,116.2,90.5,123.3
2021:09,261766.0,161454.0,61.6788,4.7,147771.0,116.7,91.6,123.9
2021:10,261908.0,161736.0,61.753,4.5,148572.0,117.4,91.0,124.6
2021:11,262029.0,162243.0,61.918,4.1,149230.0,118.0,92.7,125.3
2021:12,262136.0,162466.0,61.9778,3.9,149816.0,118.6,93.1,125.9
2022:01,263202.0,163614.0,62.1629,4.0,150006.0,117.8,92.6,124.6
2022:02,263324.0,163978.0,62.2723,3.9,150825.0,119.6,94.1,126.6
2022:03,263444.0,164271.0,62.3552,3.7,151315.0,119.7,93.6,127.0
2022:04,263559.0,163847.0,62.1671,3.7,151623.0,120.0,94.0,127.3
2022:05,263679.0,164372.0,62.3379,3.6,151924.0,120.3,94.3,127.5
2022:06,263835.0,164059.0,62.1824,3.6,152358.0,120.3,93.8,127.6
2022:07,264012.0,164076.0,62.1472,3.5,153072.0,121.1,94.6,128.5
2022:08,264184.0,164653.0,62.3251,3.6,153362.0,120.6,94.5,127.9
2022:09,264356.0,164561.0,62.2498,3.5,153582.0,121.1,94.8,128.4
2022:10,264535.0,164620.0,62.23,3.6,153939.0,121.4,95.4,128.8
2022:11,264708.0,164402.0,62.1069,3.6,154242.0,121.3,94.9,128.6
2022:12,264844.0,164983.0,62.2944,3.5,154342.0,121.0,94.6,128.6
2023:01,265962.0,165943.0,62.3935,3.5,154776.0,122.4,96.6,129.4
2023:02,266112.0,166443.0,62.5462,3.6,155066.0,121.8,95.9,129.2
2023:03,266272.0,166707.0,62.6078,3.5,155134.0,121.5,95.0,128.8
2023:04,266443.0,166674.0,62.5552,3.4,155375.0,121.7,95.4,129.0
2023:05,266618.0,166896.0,62.5974,3.6,155655.0,121.9,95.1,129.3
2023:06,266801.0,166958.0,62.5777,3.6,155880.0,122.0,95.5,129.5
2023:07,267002.0,167169.0,62.6096,3.5,156043.0,122.1,95.2,129.6
2023:08,267213.0,167760.0,62.7814,3.7,156261.0,122.1,95.6,129.6
2023:09,267428.0,167725.0,62.7178,3.7,156417.0,122.3,95.4,129.8
2023:10,267642.0,167661.0,62.6438,3.9,156576.0,122.4,95.5,129.5
2023:11,267822.0,168090.0,62.7618,3.7,156703.0,122.6,95.7,129.8
2023:12,267991.0,167388.0,62.4603,3.8,156857.0,122.3,95.3,129.9
2024:01,267540.0,167308.0,62.5357,3.7,157032.0,122.1,94.5,129.5
2024:02,267711.0,167569.0,62.5932,3.9,157238.0,122.9,95.3,130.5
2024:03,267884.0,167983.0,62.7074,3.9,157466.0,123.0,95.7,130.3
2024:04,268066.0,167923.0,62.6424,3.9,157530.0,122.7,94.9,130.4
2024:05,268248.0,167807.0,62.5567,3.9,157608.0,122.7,95.6,130.4
2024:06,268438.0,168034.0,62.5969,4.1,157695.0,123.2,95.8,130.5
2024:07,268644.0,168395.0,62.6833,4.2,157748.0,122.9,95.4,130.6
2024:08,268856.0,168492.0,62.67,4.2,157757.0,122.8,95.3,130.5
2024:09,269080.0,168662.0,62.681,4.1,157912.0,123.0,95.7,130.7
2024:10,269289.0,168395.0,62.5332,4.1,157945.0,123.0,95.1,130.8
2024:11,269463.0,168248.0,62.4383,4.2,158079.0,123.1,94.9,131.0
2024:12,269638.0,168506.0,62.4934,4.1,158316.0,123.4,94.8,131.4
2025:01,272685.0,170696.0,62.5982,4.0,158268.0,122.9,94.2,130.8
2025:02,272847.0,170441.0,62.4676,4.2,158310.0,122.9,94.7,130.8
2025:03,273023.0,170641.0,62.5006,4.2,158377.0,123.4,95.7,131.0
2025:04,273197.0,171054.0,62.612,4.2,158485.0,123.5,95.2,131.5
2025:05,273385.0,170492.0,62.3633,4.3,158498.0,123.1,95.1,131.1
2025:06,273585.0,170380.0,62.2768,4.1,158478.0,123.1,94.7,130.7
2025:07,273785.0,170412.0,62.243,4.3,158542.0,123.5,95.1,131.2
2025:08,274001.0,170750.0,62.3173,4.3,158472.0,123.5,94.6,131.2
2025:09,274226.0,171261.0,62.4525,4.4,158548.0,123.6,95.0,131.7
2025:10,,,,,158408.0,123.4,94.7,131.4
2025:11,274633.0,171541.0,62.4619,4.5,158449.0,124.1,95.3,131.8
2025:12,274816.0,171495.0,62.4036,4.4,158432.0,123.8,94.8,131.5
2026:01,274676.0,170465.0,62.0604,4.3,158558.0,124.2,95.7,132.4
2026:02,274766.0,170483.0,62.0466,,158466.0,124.0,95.6,131.8
