date,PCONG,PCONHH,PCONSHH,PCONSNP,PCONX,PCPI,PCPIX,P,PPPI,PPPIX
1947:01,,,,,,21.48,,,,
1947:02,,,,,,21.62,,,,
1947:03,,,,,,22.0,,,,
1947:04,,,,,,22.0,,,26.0,
1947:05,,,,,,21.95,,,26.1,
1947:06,,,,,,22.08,,,26.2,
1947:07,,,,,,22.23,,,26.2,
1947:08,,,,,,22.4,,,26.3,
1947:09,,,,,,22.84,,,26.7,
1947:10,,,,,,22.91,,,26.8,
1947:11,,,,,,23.06,,,27.1,
1947:12,,,,,,23.41,,,27.7,
1947:Q1,22.699,,6.67,31.784,,,,11.148,,
1947:Q2,22.917,,6.706,32.047,,,,11.3,,
1947:Q3,23.267,,6.863,33.329,,,,11.478,,
1947:Q4,23.88,,7.018,34.164,,,,11.714,,
1948:01,,,,,,23.68,,,28.1,
1948:02,,,,,,23.67,,,27.9,
1948:03,,,,,,23.5,,,28.0,
1948:04,,,,,,23.82,,,28.1,
1948:05,,,,,,24.01,,,28.4,
1948:06,,,,,,24.15,,,28.6,
1948:07,,,,,,24.4,,,28.8,
1948:08,,,,,,24.43,,,28.9,
1948:09,,,,,,24.36,,,28.8,
1948:10,,,,,,24.31,,,28.7,
1948:11,,,,,,24.16,,,28.5,
1948:12,,,,,,24.05,,,28.5,
1948:Q1,24.223,,7.058,34.577,,,,11.849,,
1948:Q2,24.482,,7.125,35.215,,,,11.989,,
1948:Q3,24.859,,7.232,35.833,,,,12.198,,
1948:Q4,24.673,,7.259,35.842,,,,12.193,,
1949:01,,,,,,24.01,,,28.3,
1949:02,,,,,,23.91,,,28.0,
1949:03,,,,,,23.91,,,28.0,
1949:04,,,,,,23.92,,,27.9,
1949:05,,,,,,23.91,,,27.8,
1949:06,,,,,,23.92,,,27.7,
1949:07,,,,,,23.7,,,27.5,
1949:08,,,,,,23.7,,,27.4,
1949:09,,,,,,23.75,,,27.4,
1949:10,,,,,,23.67,,,27.3,
1949:11,,,,,,23.7,,,27.2,
1949:12,,,,,,23.61,,,27.2,
1949:Q1,24.368,,7.256,35.528,,,,12.153,,
1949:Q2,24.091,,7.272,35.53,,,,12.078,,
1949:Q3,23.812,,7.294,35.679,,,,11.991,,
1949:Q4,23.671,,7.347,35.943,,,,11.988,,
1950:01,,,,,,23.51,,,27.2,
1950:02,,,,,,23.61,,,27.2,
1950:03,,,,,,23.64,,,27.3,
1950:04,,,,,,23.65,,,27.3,
1950:05,,,,,,23.77,,,27.5,
1950:06,,,,,,23.88,,,27.6,
1950:07,,,,,,24.07,,,28.0,
1950:08,,,,,,24.2,,,28.6,
1950:09,,,,,,24.34,,,28.9,
1950:10,,,,,,24.5,,,29.0,
1950:11,,,,,,24.6,,,29.4,
1950:12,,,,,,24.98,,,30.0,
1950:Q1,23.544,,7.377,36.199,,,,11.954,,
1950:Q2,23.674,,7.403,36.404,,,,12.004,,
1950:Q3,24.257,,7.514,37.281,,,,12.254,,
1950:Q4,24.768,,7.606,38.48,,,,12.45,,
1951:01,,,,,,25.38,,,30.5,
1951:02,,,,,,25.83,,,30.8,
1951:03,,,,,,25.88,,,30.9,
1951:04,,,,,,25.92,,,30.9,
1951:05,,,,,,25.99,,,31.1,
1951:06,,,,,,25.93,,,31.0,
1951:07,,,,,,25.91,,,30.8,
1951:08,,,,,,25.86,,,30.7,
1951:09,,,,,,26.03,,,30.6,
1951:10,,,,,,26.16,,,30.8,
1951:11,,,,,,26.32,,,30.9,
1951:12,,,,,,26.47,,,30.9,
1951:Q1,25.777,,7.742,39.624,,,,12.871,,
1951:Q2,25.998,,7.797,40.166,,,,12.945,,
1951:Q3,25.962,,7.839,40.429,,,,12.987,,
1951:Q4,26.273,,7.961,40.573,,,,13.158,,
1952:01,,,,,,26.45,,,30.8,
1952:02,,,,,,26.41,,,30.7,
1952:03,,,,,,26.39,,,30.9,
1952:04,,,,,,26.46,,,30.7,
1952:05,,,,,,26.47,,,30.7,
1952:06,,,,,,26.53,,,30.7,
1952:07,,,,,,26.68,,,30.8,
1952:08,,,,,,26.69,,,30.7,
1952:09,,,,,,26.63,,,30.6,
1952:10,,,,,,26.69,,,30.5,
1952:11,,,,,,26.69,,,30.4,
1952:12,,,,,,26.71,,,30.2,
1952:Q1,26.336,,8.02,40.453,,,,13.175,,
1952:Q2,26.184,,8.086,40.279,,,,13.225,,
1952:Q3,26.281,,8.174,40.314,,,,13.325,,
1952:Q4,26.212,,8.24,40.091,,,,13.372,,
1953:01,,,,,,26.64,,,30.3,
1953:02,,,,,,26.59,,,30.2,
1953:03,,,,,,26.63,,,30.3,
1953:04,,,,,,26.69,,,30.2,
1953:05,,,,,,26.7,,,30.3,
1953:06,,,,,,26.77,,,30.4,
1953:07,,,,,,26.79,,,30.5,
1953:08,,,,,,26.85,,,30.4,
1953:09,,,,,,26.89,,,30.4,
1953:10,,,,,,26.95,,,30.4,
1953:11,,,,,,26.85,,,30.3,
1953:12,,,,,,26.87,,,30.4,
1953:Q1,26.19,,8.324,40.645,,,,13.385,,
1953:Q2,26.114,,8.388,40.74,,,,13.417,,
1953:Q3,26.11,,8.498,41.163,,,,13.467,,
1953:Q4,26.117,,8.583,41.49,,,,13.507,,
1954:01,,,,,,26.94,,,30.5,
1954:02,,,,,,26.99,,,30.4,
1954:03,,,,,,26.93,,,30.4,
1954:04,,,,,,26.86,,,30.6,
1954:05,,,,,,26.93,,,30.6,
1954:06,,,,,,26.94,,,30.4,
1954:07,,,,,,26.86,,,30.5,
1954:08,,,,,,26.85,,,30.4,
1954:09,,,,,,26.81,,,30.3,
1954:10,,,,,,26.72,,,30.2,
1954:11,,,,,,26.78,,,30.3,
1954:12,,,,,,26.77,,,30.3,
1954:Q1,26.235,,8.631,41.915,,,,13.564,,
1954:Q2,26.134,,8.648,41.92,,,,13.589,,
1954:Q3,25.948,,8.663,42.054,,,,13.577,,
1954:Q4,25.816,,8.7,42.292,,,,13.595,,
1955:01,,,,,,26.77,,,30.4,
1955:02,,,,,,26.82,,,30.5,
1955:03,,,,,,26.79,,,30.3,
1955:04,,,,,,26.79,,,30.4,
1955:05,,,,,,26.77,,,30.4,
1955:06,,,,,,26.71,,,30.5,
1955:07,,,,,,26.76,,,30.4,
1955:08,,,,,,26.72,,,30.4,
1955:09,,,,,,26.85,,,30.5,
1955:10,,,,,,26.82,,,30.6,
1955:11,,,,,,26.88,,,30.6,
1955:12,,,,,,26.87,,,30.7,
1955:Q1,25.853,,8.749,42.653,,,,13.646,,
1955:Q2,25.83,,8.78,42.787,,,,13.722,,
1955:Q3,25.916,,8.821,43.202,,,,13.816,,
1955:Q4,25.922,,8.87,43.872,,,,13.908,,
1956:01,,,,,,26.83,,,30.7,
1956:02,,,,,,26.86,,,30.8,
1956:03,,,,,,26.89,,,30.9,
1956:04,,,,,,26.93,,,31.0,
1956:05,,,,,,27.03,,,31.2,
1956:06,,,,,,27.15,,,31.4,
1956:07,,,,,,27.29,,,31.3,
1956:08,,,,,,27.31,,,31.4,
1956:09,,,,,,27.35,,,31.6,
1956:10,,,,,,27.51,,,31.8,
1956:11,,,,,,27.51,,,31.9,
1956:12,,,,,,27.63,,,31.9,
1956:Q1,25.995,,8.919,44.439,,,,14.045,,
1956:Q2,26.188,,8.97,44.79,,,,14.177,,
1956:Q3,26.473,,9.044,45.33,,,,14.334,,
1956:Q4,26.623,,9.097,45.951,,,,14.422,,
1957:01,,,,,,27.67,28.5,,32.1,
1957:02,,,,,,27.8,28.6,,32.2,
1957:03,,,,,,27.86,28.7,,32.1,
1957:04,,,,,,27.93,28.8,,32.3,
1957:05,,,,,,28.0,28.8,,32.3,
1957:06,,,,,,28.11,28.9,,32.5,
1957:07,,,,,,28.19,29.0,,32.6,
1957:08,,,,,,28.28,29.0,,32.6,
1957:09,,,,,,28.32,29.1,,32.6,
1957:10,,,,,,28.32,29.2,,32.7,
1957:11,,,,,,28.41,29.3,,32.9,
1957:12,,,,,,28.47,29.3,,33.0,
1957:Q1,26.86,,9.179,46.645,,,,14.587,,
1957:Q2,27.065,,9.221,46.947,,,,14.69,,
1957:Q3,27.276,,9.299,47.395,,,,14.803,,
1957:Q4,27.371,,9.367,47.675,,,,14.89,,
1958:01,,,,,,28.64,29.3,,33.2,
1958:02,,,,,,28.7,29.4,,33.2,
1958:03,,,,,,28.87,29.5,,33.4,
1958:04,,,,,,28.94,29.5,,33.2,
1958:05,,,,,,28.94,29.5,,33.2,
1958:06,,,,,,28.91,29.6,,33.3,
1958:07,,,,,,28.89,29.6,,33.2,
1958:08,,,,,,28.94,29.6,,33.2,
1958:09,,,,,,28.91,29.7,,33.2,
1958:10,,,,,,28.91,29.7,,33.2,
1958:11,,,,,,28.95,29.8,,33.2,
1958:12,,,,,,28.97,29.9,,33.1,
1958:Q1,27.819,,9.436,47.899,,,,15.015,,
1958:Q2,27.833,,9.47,48.004,,,,15.079,,
1958:Q3,27.762,,9.514,48.71,,,,15.115,,
1958:Q4,27.631,,9.562,48.959,,,,15.134,,
1959:01,,,,,,29.01,29.9,,33.1,
1959:02,,,,,,29.0,29.9,,33.2,
1959:03,,,,,,28.97,30.0,,33.2,
1959:04,,,,,,28.98,30.0,,33.2,
1959:05,,,,,,29.04,30.1,,33.3,
1959:06,,,,,,29.11,30.2,,33.2,
1959:07,,,,,,29.15,30.2,,33.1,
1959:08,,,,,,29.18,30.2,,33.0,
1959:09,,,,,,29.25,30.3,,33.4,
1959:10,,,,,,29.35,30.4,,33.1,
1959:11,,,,,,29.35,30.4,,33.0,
1959:12,,,,,,29.41,30.5,,33.0,
1959:Q1,27.815,14.823,9.636,48.366,15.515,,,15.205,,
1959:Q2,27.849,14.883,9.703,49.136,15.598,,,15.249,,
1959:Q3,27.936,14.972,9.791,49.971,15.702,,,15.314,,
1959:Q4,28.01,15.057,9.881,49.628,15.793,,,15.373,,
1960:01,,,,,,29.37,30.5,,33.1,
1960:02,,,,,,29.41,30.6,,33.1,
1960:03,,,,,,29.41,30.6,,33.4,
1960:04,,,,,,29.54,30.6,,33.4,
1960:05,,,,,,29.57,30.6,,33.4,
1960:06,,,,,,29.61,30.7,,33.4,
1960:07,,,,,,29.55,30.6,,33.5,
1960:08,,,,,,29.61,30.6,,33.4,
1960:09,,,,,,29.61,30.6,,33.4,
1960:10,,,,,,29.75,30.8,,33.7,
1960:11,,,,,,29.78,30.8,,33.7,
1960:12,,,,,,29.81,30.7,,33.6,
1960:Q1,27.97,15.085,9.942,47.623,15.842,,,15.402,,
1960:Q2,28.11,15.173,10.011,46.011,15.902,,,15.457,,
1960:Q3,28.15,15.235,10.085,45.148,15.965,,,15.524,,
1960:Q4,28.256,15.303,10.139,45.076,16.017,,,15.592,,
1961:01,,,,,,29.84,30.8,,33.6,
1961:02,,,,,,29.84,30.8,,33.7,
1961:03,,,,,,29.84,30.9,,33.6,
1961:04,,,,,,29.81,30.9,,33.4,
1961:05,,,,,,29.84,30.9,,33.3,
1961:06,,,,,,29.84,31.0,,33.3,
1961:07,,,,,,29.92,31.0,,33.3,
1961:08,,,,,,29.94,31.1,,33.4,
1961:09,,,,,,29.98,31.1,,33.3,
1961:10,,,,,,29.98,31.1,,33.3,
1961:11,,,,,,29.98,31.2,,33.4,
1961:12,,,,,,30.01,31.2,,33.4,
1961:Q1,28.291,15.329,10.162,45.659,16.044,,,15.61,,
1961:Q2,28.174,15.325,10.203,46.247,16.097,,,15.641,,
1961:Q3,28.246,15.378,10.248,46.871,16.167,,,15.674,,
1961:Q4,28.198,15.394,10.291,46.988,16.206,,,15.71,,
1962:01,,,,,,30.04,31.2,,33.5,
1962:02,,,,,,30.11,31.2,,33.6,
1962:03,,,,,,30.17,31.3,,33.5,
1962:04,,,,,,30.21,31.3,,33.5,
1962:05,,,,,,30.24,31.4,,33.4,
1962:06,,,,,,30.21,31.4,,33.4,
1962:07,,,,,,30.22,31.4,,33.4,
1962:08,,,,,,30.28,31.5,,33.5,
1962:09,,,,,,30.42,31.5,,33.8,
1962:10,,,,,,30.38,31.5,,33.6,
1962:11,,,,,,30.38,31.5,,33.6,
1962:12,,,,,,30.38,31.6,,33.5,
1962:Q1,28.282,15.461,10.353,46.995,16.266,,,15.788,,
1962:Q2,28.347,15.516,10.405,47.123,16.328,,,15.831,,
1962:Q3,28.392,15.559,10.446,47.102,16.382,,,15.869,,
1962:Q4,28.47,15.607,10.482,47.177,16.413,,,15.907,,
1963:01,,,,,,30.44,31.5,,33.4,
1963:02,,,,,,30.48,31.6,,33.4,
1963:03,,,,,,30.51,31.7,,33.3,
1963:04,,,,,,30.48,31.7,,33.3,
1963:05,,,,,,30.51,31.7,,33.4,
1963:06,,,,,,30.61,31.8,,33.5,
1963:07,,,,,,30.69,31.8,,33.4,
1963:08,,,,,,30.75,31.9,,33.4,
1963:09,,,,,,30.72,31.9,,33.4,
1963:10,,,,,,30.75,32.0,,33.5,
1963:11,,,,,,30.78,32.0,,33.5,
1963:12,,,,,,30.88,32.1,,33.4,
1963:Q1,28.503,15.65,10.53,47.597,16.467,,,15.985,,
1963:Q2,28.506,15.674,10.563,47.805,16.529,,,15.999,,
1963:Q3,28.679,15.75,10.6,47.965,16.593,,,16.016,,
1963:Q4,28.747,15.809,10.656,48.047,16.673,,,16.121,,
1964:01,,,,,,30.94,32.2,,33.5,
1964:02,,,,,,30.91,32.2,,33.5,
1964:03,,,,,,30.94,32.2,,33.4,
1964:04,,,,,,30.95,32.2,,33.5,
1964:05,,,,,,30.98,32.2,,33.5,
1964:06,,,,,,31.01,32.3,,33.5,
1964:07,,,,,,31.02,32.3,,33.5,
1964:08,,,,,,31.05,32.3,,33.6,
1964:09,,,,,,31.08,32.3,,33.6,
1964:10,,,,,,31.12,32.4,,33.6,
1964:11,,,,,,31.21,32.5,,33.6,
1964:12,,,,,,31.25,32.5,,33.6,
1964:Q1,28.883,15.885,10.708,47.946,16.744,,,16.182,,
1964:Q2,28.874,15.921,10.762,47.899,16.794,,,16.229,,
1964:Q3,28.928,15.972,10.814,48.12,16.84,,,16.309,,
1964:Q4,28.997,16.026,10.862,48.194,16.883,,,16.378,,
1965:01,,,,,,31.28,32.6,,33.6,
1965:02,,,,,,31.28,32.6,,33.7,
1965:03,,,,,,31.31,32.6,,33.7,
1965:04,,,,,,31.38,32.7,,34.0,
1965:05,,,,,,31.48,32.7,,34.1,
1965:06,,,,,,31.61,32.7,,34.2,
1965:07,,,,,,31.58,32.7,,34.1,
1965:08,,,,,,31.55,32.7,,34.2,
1965:09,,,,,,31.62,32.8,,34.3,
1965:10,,,,,,31.65,32.8,,34.4,
1965:11,,,,,,31.75,32.9,,34.5,
1965:12,,,,,,31.85,33.0,,34.7,
1965:Q1,29.061,16.075,10.905,48.842,16.947,,,16.45,,
1965:Q2,29.23,16.155,10.95,49.275,16.999,,,16.527,,
1965:Q3,29.302,16.216,11.006,49.469,17.052,,,16.602,,
1965:Q4,29.303,16.263,11.075,49.948,17.109,,,16.711,,
1966:01,,,,,,31.88,33.0,,34.7,
1966:02,,,,,,32.08,33.1,,35.0,
1966:03,,,,,,32.18,33.1,,35.0,
1966:04,,,,,,32.28,33.3,,35.1,
1966:05,,,,,,32.35,33.4,,35.1,
1966:06,,,,,,32.38,33.5,,34.9,
1966:07,,,,,,32.45,33.6,,35.1,
1966:08,,,,,,32.65,33.7,,35.4,
1966:09,,,,,,32.75,33.8,,35.6,
1966:10,,,,,,32.85,34.0,,35.5,
1966:11,,,,,,32.88,34.0,,35.5,
1966:12,,,,,,32.92,34.1,,35.4,
1966:Q1,29.57,16.389,11.143,50.401,17.195,,,16.813,,
1966:Q2,29.784,16.522,11.244,50.942,17.334,,,16.965,,
1966:Q3,29.972,16.647,11.346,51.441,17.477,,,17.114,,
1966:Q4,30.145,16.775,11.457,52.01,17.628,,,17.254,,
1967:01,,,,,,32.9,34.2,,35.4,
1967:02,,,,,,33.0,34.2,,35.3,
1967:03,,,,,,33.0,34.3,,35.3,
1967:04,,,,,,33.1,34.4,,35.3,
1967:05,,,,,,33.1,34.5,,35.4,
1967:06,,,,,,33.3,34.6,,35.7,
1967:07,,,,,,33.4,34.7,,35.7,
1967:08,,,,,,33.5,34.9,,35.8,
1967:09,,,,,,33.6,35.0,,35.8,
1967:10,,,,,,33.7,35.1,,35.9,
1967:11,,,,,,33.9,35.2,,35.9,
1967:12,,,,,,34.0,35.4,,36.0,
1967:Q1,30.121,16.824,11.537,52.112,17.725,,,17.326,,
1967:Q2,30.192,16.902,11.619,52.738,17.844,,,17.43,,
1967:Q3,30.514,17.06,11.711,53.057,18.006,,,17.587,,
1967:Q4,30.749,17.207,11.823,53.495,18.188,,,17.781,,
1968:01,,,,,,34.1,35.5,,36.1,
1968:02,,,,,,34.2,35.7,,36.2,
1968:03,,,,,,34.3,35.8,,36.3,
1968:04,,,,,,34.4,35.9,,36.5,
1968:05,,,,,,34.5,36.0,,36.5,
1968:06,,,,,,34.7,36.2,,36.6,
1968:07,,,,,,34.9,36.4,,36.7,
1968:08,,,,,,35.0,36.5,,36.8,
1968:09,,,,,,35.1,36.7,,37.0,
1968:10,,,,,,35.3,36.9,,37.0,
1968:11,,,,,,35.4,37.1,,37.1,
1968:12,,,,,,35.6,37.2,,37.1,
1968:Q1,31.033,17.39,11.968,54.035,18.395,,,17.975,,
1968:Q2,31.296,17.568,12.113,54.483,18.609,,,18.177,,
1968:Q3,31.585,17.75,12.253,55.074,18.817,,,18.351,,
1968:Q4,31.902,17.946,12.401,55.834,19.036,,,18.607,,
1969:01,,,,,,35.7,37.3,,37.2,
1969:02,,,,,,35.8,37.6,,37.2,
1969:03,,,,,,36.1,37.8,,37.4,
1969:04,,,,,,36.3,38.1,,37.6,
1969:05,,,,,,36.4,38.1,,37.8,
1969:06,,,,,,36.6,38.3,,38.0,
1969:07,,,,,,36.8,38.5,,38.1,
1969:08,,,,,,36.9,38.7,,38.2,
1969:09,,,,,,37.1,38.9,,38.3,
1969:10,,,,,,37.3,39.1,,38.5,
1969:11,,,,,,37.5,39.2,,38.8,
1969:12,,,,,,37.7,39.4,,38.9,
1969:Q1,32.124,18.117,12.554,56.907,19.244,,,18.793,,
1969:Q2,32.51,18.346,12.721,57.962,19.474,,,19.041,,
1969:Q3,32.875,18.569,12.888,58.875,19.699,,,19.312,,
1969:Q4,33.181,18.784,13.067,59.599,19.93,,,19.554,,
1970:01,,,,,,37.9,39.6,,39.1,
1970:02,,,,,,38.1,39.8,,39.0,
1970:03,,,,,,38.3,40.1,,39.1,
1970:04,,,,,,38.5,40.4,,39.1,
1970:05,,,,,,38.6,40.5,,39.1,
1970:06,,,,,,38.8,40.8,,39.2,
1970:07,,,,,,38.9,40.9,,39.2,
1970:08,,,,,,39.0,41.1,,39.2,
1970:09,,,,,,39.2,41.3,,39.6,
1970:10,,,,,,39.4,41.5,,39.6,
1970:11,,,,,,39.6,41.8,,39.8,
1970:12,,,,,,39.8,42.0,,39.8,
1970:Q1,33.501,19.003,13.247,60.068,20.148,,,19.823,,
1970:Q2,33.775,19.214,13.434,60.483,20.375,,,20.109,,
1970:Q3,34.01,19.402,13.603,60.941,20.602,,,20.274,,
1970:Q4,34.389,19.652,13.803,62.028,20.892,,,20.539,,
1971:01,,,,,,39.9,42.1,,39.9,
1971:02,,,,,,39.9,42.2,,40.1,
1971:03,,,,,,40.0,42.2,,40.2,
1971:04,,,,,,40.1,42.4,,40.3,
1971:05,,,,,,40.3,42.6,,40.5,
1971:06,,,,,,40.5,42.8,,40.6,
1971:07,,,,,,40.6,42.9,,40.4,
1971:08,,,,,,40.7,43.0,,40.7,
1971:09,,,,,,40.8,43.0,,40.7,
1971:10,,,,,,40.9,43.1,,40.7,
1971:11,,,,,,41.0,43.2,,40.8,
1971:12,,,,,,41.1,43.3,,41.1,
1971:Q1,34.571,19.835,13.987,63.171,21.156,,,20.85,,
1971:Q2,34.9,20.061,14.173,63.861,21.397,,,21.13,,
1971:Q3,35.091,20.256,14.371,64.813,21.599,,,21.343,,
1971:Q4,35.191,20.382,14.507,65.287,21.722,,,21.52,,
1972:01,,,,,,41.2,43.5,,41.0,
1972:02,,,,,,41.4,43.6,,41.3,
1972:03,,,,,,41.4,43.6,,41.3,
1972:04,,,,,,41.5,43.8,,41.3,
1972:05,,,,,,41.6,43.9,,41.5,
1972:06,,,,,,41.7,44.0,,41.7,
1972:07,,,,,,41.8,44.1,,41.8,
1972:08,,,,,,41.9,44.3,,42.0,
1972:09,,,,,,42.1,44.3,,42.2,
1972:10,,,,,,42.2,44.4,,42.0,
1972:11,,,,,,42.4,44.4,,42.3,
1972:12,,,,,,42.5,44.6,,42.7,
1972:Q1,35.548,20.597,14.666,65.957,21.931,,,21.865,,
1972:Q2,35.661,20.716,14.788,66.32,22.079,,,21.999,,
1972:Q3,35.936,20.896,14.931,67.237,22.245,,,22.198,,
1972:Q4,36.186,21.064,15.067,68.243,22.385,,,22.45,,
1973:01,,,,,,42.7,44.6,,43.0,
1973:02,,,,,,43.0,44.8,,43.5,
1973:03,,,,,,43.4,45.0,,44.4,
1973:04,,,,,,43.7,45.1,,44.7,
1973:05,,,,,,43.9,45.3,,45.0,
1973:06,,,,,,44.2,45.4,,45.5,
1973:07,,,,,,44.2,45.5,,45.4,
1973:08,,,,,,45.0,45.7,,47.0,
1973:09,,,,,,45.2,46.0,,46.9,
1973:10,,,,,,45.6,46.3,,46.8,
1973:11,,,,,,45.9,46.5,,47.2,
1973:12,,,,,,46.3,46.7,,47.6,
1973:Q1,36.764,21.324,15.199,67.997,22.541,,,22.735,,
1973:Q2,37.611,21.73,15.429,69.901,22.848,,,23.111,,
1973:Q3,38.326,22.117,15.685,72.891,23.152,,,23.553,,
1973:Q4,39.179,22.571,15.98,74.227,23.474,,,23.961,,
1974:01,,,,,,46.8,46.9,,48.8,49.7
1974:02,,,,,,47.3,47.2,,49.7,50.0
1974:03,,,,,,47.8,47.6,,50.2,50.5
1974:04,,,,,,48.1,47.9,,50.7,51.1
1974:05,,,,,,48.6,48.5,,51.3,52.2
1974:06,,,,,,49.0,49.0,,51.3,53.1
1974:07,,,,,,49.3,49.5,,52.7,54.0
1974:08,,,,,,49.9,50.2,,53.7,55.0
1974:09,,,,,,50.6,50.7,,54.3,55.7
1974:10,,,,,,51.0,51.2,,55.3,56.7
1974:11,,,,,,51.5,51.6,,56.4,57.4
1974:12,,,,,,51.9,52.0,,56.4,57.9
1974:Q1,40.723,23.237,16.297,77.371,23.877,,,24.446,,
1974:Q2,42.077,23.885,16.666,81.546,24.47,,,24.989,,
1974:Q3,43.384,24.534,17.055,82.893,25.169,,,25.759,,
1974:Q4,44.652,25.16,17.432,84.46,25.784,,,26.541,,
1975:01,,,,,,52.3,52.3,,56.7,58.3
1975:02,,,,,,52.6,52.8,,56.6,58.7
1975:03,,,,,,52.8,53.0,,56.6,59.0
1975:04,,,,,,53.0,53.3,,57.1,59.2
1975:05,,,,,,53.1,53.5,,57.4,59.3
1975:06,,,,,,53.5,53.8,,57.9,59.5
1975:07,,,,,,54.0,54.0,,58.4,59.8
1975:08,,,,,,54.2,54.2,,58.9,59.9
1975:09,,,,,,54.6,54.5,,59.3,60.2
1975:10,,,,,,54.9,54.8,,59.8,60.6
1975:11,,,,,,55.3,55.2,,60.0,61.0
1975:12,,,,,,55.6,55.5,,60.1,61.4
1975:Q1,45.308,25.63,17.824,86.878,26.288,,,27.141,,
1975:Q2,45.655,25.945,18.123,87.746,26.688,,,27.534,,
1975:Q3,46.522,26.425,18.45,90.618,27.089,,,28.021,,
1975:Q4,47.153,26.874,18.823,90.997,27.53,,,28.489,,
1976:01,,,,,,55.8,55.9,,60.0,61.7
1976:02,,,,,,55.9,56.2,,59.9,61.9
1976:03,,,,,,56.0,56.5,,60.0,62.2
1976:04,,,,,,56.1,56.7,,60.3,62.3
1976:05,,,,,,56.4,57.0,,60.4,62.4
1976:06,,,,,,56.7,57.2,,60.5,62.8
1976:07,,,,,,57.0,57.6,,60.7,63.1
1976:08,,,,,,57.3,57.9,,60.9,63.5
1976:09,,,,,,57.6,58.2,,61.1,63.9
1976:10,,,,,,57.9,58.5,,61.4,64.1
1976:11,,,,,,58.1,58.7,,61.9,64.6
1976:12,,,,,,58.4,58.9,,62.4,64.9
1976:Q1,47.384,27.163,19.129,93.375,27.949,,,28.8,,
1976:Q2,47.541,27.396,19.388,93.026,28.284,,,29.088,,
1976:Q3,48.127,27.819,19.743,93.109,28.727,,,29.459,,
1976:Q4,48.811,28.255,20.081,95.206,29.176,,,29.96,,
1977:01,,,,,,58.7,59.3,,62.5,65.1
1977:02,,,,,,59.3,59.7,,63.2,65.4
1977:03,,,,,,59.6,60.0,,63.7,65.7
1977:04,,,,,,60.0,60.3,,64.0,65.9
1977:05,,,,,,60.2,60.6,,64.4,66.1
1977:06,,,,,,60.5,61.0,,64.6,66.5
1977:07,,,,,,60.8,61.2,,64.8,66.8
1977:08,,,,,,61.1,61.5,,65.2,67.3
1977:09,,,,,,61.3,61.8,,65.5,67.8
1977:10,,,,,,61.6,62.0,,65.9,68.2
1977:11,,,,,,62.0,62.3,,66.4,68.8
1977:12,,,,,,62.3,62.7,,66.7,69.0
1977:Q1,49.583,28.758,20.475,98.397,29.667,,,30.443,,
1977:Q2,50.284,29.259,20.894,98.18,30.121,,,30.925,,
1977:Q3,50.807,29.692,21.287,101.293,30.622,,,31.351,,
1977:Q4,51.429,30.115,21.63,102.506,31.067,,,31.875,,
1978:01,,,,,,62.7,63.1,,67.0,69.2
1978:02,,,,,,63.0,63.4,,67.5,69.5
1978:03,,,,,,63.4,63.8,,67.8,69.9
1978:04,,,,,,63.9,64.3,,68.6,70.6
1978:05,,,,,,64.5,64.7,,69.1,71.1
1978:06,,,,,,65.0,65.2,,69.7,71.7
1978:07,,,,,,65.5,65.6,,70.3,72.3
1978:08,,,,,,65.9,66.1,,70.4,72.8
1978:09,,,,,,66.5,66.7,,71.1,73.5
1978:10,,,,,,67.1,67.2,,71.4,73.4
1978:11,,,,,,67.5,67.6,,72.0,74.1
1978:12,,,,,,67.9,68.0,,72.8,74.7
1978:Q1,52.13,30.611,22.041,103.859,31.552,,,32.397,,
1978:Q2,53.234,31.243,22.486,105.287,32.096,,,33.043,,
1978:Q3,54.105,31.785,22.897,108.389,32.647,,,33.626,,
1978:Q4,55.035,32.392,23.373,109.114,33.233,,,34.291,,
1979:01,,,,,,68.5,68.5,,73.7,75.3
1979:02,,,,,,69.2,69.2,,74.4,75.9
1979:03,,,,,,69.9,69.8,,75.0,76.4
1979:04,,,,,,70.6,70.3,,75.8,77.0
1979:05,,,,,,71.4,70.8,,76.2,77.4
1979:06,,,,,,72.2,71.3,,76.6,78.0
1979:07,,,,,,73.0,71.9,,77.4,78.5
1979:08,,,,,,73.7,72.7,,78.2,78.8
1979:09,,,,,,74.4,73.3,,79.5,79.7
1979:10,,,,,,75.2,74.0,,80.4,80.4
1979:11,,,,,,76.0,74.8,,81.4,81.0
1979:12,,,,,,76.9,75.7,,82.2,81.7
1979:Q1,56.365,33.0,23.698,111.72,33.687,,,34.931,,
1979:Q2,57.988,33.902,24.315,114.564,34.427,,,35.775,,
1979:Q3,59.493,34.733,24.88,119.631,35.063,,,36.522,,
1979:Q4,60.944,35.574,25.479,122.475,35.794,,,37.188,,
1980:01,,,,,,78.0,76.7,,83.4,83.3
1980:02,,,,,,79.0,77.5,,84.6,84.2
1980:03,,,,,,80.1,78.6,,85.5,84.7
1980:04,,,,,,80.9,79.5,,86.2,85.5
1980:05,,,,,,81.7,80.1,,86.6,85.7
1980:06,,,,,,82.5,81.0,,87.3,86.6
1980:07,,,,,,82.6,80.8,,88.7,87.7
1980:08,,,,,,83.2,81.3,,89.7,88.4
1980:09,,,,,,83.9,82.1,,90.1,88.8
1980:10,,,,,,84.7,83.0,,90.8,89.6
1980:11,,,,,,85.6,83.9,,91.4,90.1
1980:12,,,,,,86.4,84.9,,91.8,90.4
1980:Q1,63.127,36.647,26.121,124.965,36.67,,,38.001,,
1980:Q2,64.658,37.537,26.757,129.422,37.49,,,38.903,,
1980:Q3,65.977,38.439,27.485,127.78,38.325,,,39.77,,
1980:Q4,67.321,39.396,28.277,129.783,39.259,,,40.825,,
1981:01,,,,,,87.2,85.4,,92.8,91.4
1981:02,,,,,,88.0,85.9,,93.6,92.0
1981:03,,,,,,88.6,86.4,,94.7,92.6
1981:04,,,,,,89.1,87.0,,95.7,93.5
1981:05,,,,,,89.7,87.8,,96.0,94.0
1981:06,,,,,,90.5,88.6,,96.5,94.6
1981:07,,,,,,91.5,89.8,,96.7,94.8
1981:08,,,,,,92.2,90.7,,96.8,95.3
1981:09,,,,,,93.1,91.8,,97.2,95.9
1981:10,,,,,,93.4,92.1,,97.6,96.5
1981:11,,,,,,93.8,92.5,,97.9,97.0
1981:12,,,,,,94.1,93.0,,98.3,97.6
1981:Q1,68.985,40.425,29.049,131.894,40.129,,,41.907,,
1981:Q2,69.843,41.089,29.626,136.679,40.888,,,42.694,,
1981:Q3,70.53,41.787,30.309,135.104,41.641,,,43.524,,
1981:Q4,71.122,42.446,30.976,133.667,42.381,,,44.243,,
1982:01,,,,,,94.4,93.3,,98.9,98.1
1982:02,,,,,,94.7,93.8,,98.8,98.1
1982:03,,,,,,94.7,93.9,,98.8,98.7
1982:04,,,,,,95.0,94.7,,99.0,99.0
1982:05,,,,,,95.9,95.4,,99.0,99.4
1982:06,,,,,,97.0,96.1,,99.8,99.9
1982:07,,,,,,97.5,96.7,,100.2,100.1
1982:08,,,,,,97.7,97.1,,100.6,100.6
1982:09,,,,,,97.7,97.2,,100.7,100.8
1982:10,,,,,,98.1,97.5,,101.0,101.3
1982:11,,,,,,98.0,97.3,,101.4,101.6
1982:12,,,,,,97.7,97.2,,101.8,102.2
1982:Q1,71.526,43.014,31.586,130.542,43.002,,,44.877,,
1982:Q2,71.678,43.452,32.114,127.897,43.584,,,45.473,,
1982:Q3,72.415,44.157,32.788,126.85,44.282,,,46.104,,
1982:Q4,72.504,44.672,33.442,124.04,44.899,,,46.571,,
1983:01,,,,,,97.9,97.6,,101.0,101.8
1983:02,,,,,,98.0,98.0,,101.1,102.2
1983:03,,,,,,98.1,98.2,,101.0,102.5
1983:04,,,,,,98.8,98.6,,101.1,102.4
1983:05,,,,,,99.2,98.9,,101.4,102.6
1983:06,,,,,,99.4,99.2,,101.6,102.8
1983:07,,,,,,99.8,99.8,,101.6,103.1
1983:08,,,,,,100.1,100.1,,101.9,103.5
1983:09,,,,,,100.4,100.5,,102.2,103.5
1983:10,,,,,,100.8,101.0,,102.2,103.6
1983:11,,,,,,101.1,101.5,,102.0,103.8
1983:12,,,,,,101.4,101.8,,102.3,104.1
1983:Q1,72.51,45.077,33.979,119.756,45.489,,,46.943,,
1983:Q2,73.228,45.497,34.281,119.71,45.837,,,47.291,,
1983:Q3,73.734,46.124,34.936,117.105,46.533,,,47.794,,
1983:Q4,73.852,46.453,35.334,114.513,46.905,,,48.151,,
1984:01,,,,,,102.1,102.5,,103.0,104.5
1984:02,,,,,,102.6,102.8,,103.4,104.7
1984:03,,,,,,102.9,103.2,,103.8,105.2
1984:04,,,,,,103.3,103.7,,103.9,105.3
1984:05,,,,,,103.5,104.1,,103.8,105.3
1984:06,,,,,,103.7,104.5,,103.8,105.5
1984:07,,,,,,104.1,105.0,,104.0,105.7
1984:08,,,,,,104.4,105.4,,103.8,105.9
1984:09,,,,,,104.7,105.8,,103.8,106.2
1984:10,,,,,,105.1,106.2,,103.6,105.9
1984:11,,,,,,105.3,106.4,,104.0,106.2
1984:12,,,,,,105.5,106.8,,104.0,106.3
1984:Q1,74.445,46.969,35.809,113.966,47.379,,,48.626,,
1984:Q2,74.625,47.433,36.37,113.875,47.934,,,49.063,,
1984:Q3,74.787,47.818,36.833,112.255,48.384,,,49.506,,
1984:Q4,75.016,48.133,37.173,110.517,48.728,,,49.852,,
1985:01,,,,,,105.7,107.1,,104.0,106.9
1985:02,,,,,,106.3,107.7,,104.1,107.3
1985:03,,,,,,106.8,108.1,,104.1,107.6
1985:04,,,,,,107.0,108.4,,104.6,107.6
1985:05,,,,,,107.2,108.8,,104.9,107.8
1985:06,,,,,,107.5,109.1,,104.6,108.2
1985:07,,,,,,107.7,109.4,,104.7,108.4
1985:08,,,,,,107.9,109.8,,104.5,108.5
1985:09,,,,,,108.1,110.0,,103.8,107.9
1985:10,,,,,,108.5,110.5,,104.9,108.9
1985:11,,,,,,109.0,111.1,,105.5,109.1
1985:12,,,,,,109.5,111.4,,106.0,109.1
1985:Q1,75.494,48.713,37.782,110.218,49.393,,,50.363,,
1985:Q2,75.864,49.123,38.2,109.314,49.821,,,50.66,,
1985:Q3,75.922,49.511,38.707,109.739,50.333,,,50.997,,
1985:Q4,76.386,49.849,38.993,111.416,50.694,,,51.262,,
1986:01,,,,,,109.9,111.9,,105.5,109.3
1986:02,,,,,,109.7,112.2,,104.1,109.5
1986:03,,,,,,109.1,112.5,,102.8,109.6
1986:04,,,,,,108.7,112.9,,102.3,110.1
1986:05,,,,,,109.0,113.1,,102.8,110.2
1986:06,,,,,,109.4,113.4,,103.1,110.5
1986:07,,,,,,109.5,113.8,,102.3,110.7
1986:08,,,,,,109.6,114.2,,102.7,110.8
1986:09,,,,,,110.0,114.6,,102.9,110.7
1986:10,,,,,,110.2,115.0,,103.5,111.8
1986:11,,,,,,110.4,115.3,,103.4,112.0
1986:12,,,,,,110.8,115.6,,103.6,112.1
1986:Q1,76.136,50.226,39.602,109.306,51.241,,,51.515,,
1986:Q2,75.051,50.196,39.978,106.51,51.592,,,51.695,,
1986:Q3,75.4,50.475,40.227,105.5,51.947,,,51.941,,
1986:Q4,75.66,50.792,40.563,104.891,52.37,,,52.25,,
1987:01,,,,,,111.4,115.9,,104.1,112.5
1987:02,,,,,,111.8,116.2,,104.4,112.3
1987:03,,,,,,112.2,116.6,,104.5,112.4
1987:04,,,,,,112.7,117.3,,105.1,112.9
1987:05,,,,,,113.0,117.7,,105.2,113.0
1987:06,,,,,,113.5,117.9,,105.5,113.1
1987:07,,,,,,113.8,118.3,,105.7,113.3
1987:08,,,,,,114.3,118.7,,105.9,113.6
1987:09,,,,,,114.7,119.2,,106.2,113.9
1987:10,,,,,,115.0,119.8,,106.0,114.0
1987:11,,,,,,115.4,120.1,,106.0,114.2
1987:12,,,,,,115.6,120.4,,105.8,114.3
1987:Q1,76.976,51.283,40.731,104.736,52.701,,,52.554,,
1987:Q2,77.738,51.793,41.137,104.087,53.213,,,52.911,,
1987:Q3,78.413,52.287,41.555,104.642,53.69,,,53.32,,
1987:Q4,78.843,52.749,42.02,104.539,54.236,,,53.72,,
1988:01,,,,,,116.0,120.9,,106.4,115.0
1988:02,,,,,,116.2,121.2,,106.3,115.3
1988:03,,,,,,116.5,121.7,,106.6,115.6
1988:04,,,,,,117.2,122.3,,107.0,115.9
1988:05,,,,,,117.5,122.7,,107.2,116.2
1988:06,,,,,,118.0,123.2,,107.5,116.6
1988:07,,,,,,118.5,123.6,,108.4,117.2
1988:08,,,,,,119.0,124.0,,108.8,117.7
1988:09,,,,,,119.5,124.7,,109.0,118.1
1988:10,,,,,,119.9,125.2,,109.2,118.4
1988:11,,,,,,120.3,125.6,,109.6,118.7
1988:12,,,,,,120.7,126.0,,110.0,119.2
1988:Q1,78.959,53.175,42.555,104.376,54.758,,,54.135,,
1988:Q2,79.626,53.779,43.126,103.797,55.422,,,54.676,,
1988:Q3,80.506,54.462,43.724,102.97,56.061,,,55.345,,
1988:Q4,81.1,55.033,44.276,102.03,56.687,,,55.854,,
1989:01,,,,,,121.2,126.5,,111.1,119.9
1989:02,,,,,,121.6,126.9,,111.9,120.5
1989:03,,,,,,122.2,127.4,,112.3,120.7
1989:04,,,,,,123.1,127.8,,113.1,120.8
1989:05,,,,,,123.7,128.3,,114.0,121.6
1989:06,,,,,,124.1,128.8,,114.0,122.2
1989:07,,,,,,124.5,129.2,,113.8,122.1
1989:08,,,,,,124.5,129.5,,113.4,122.7
1989:09,,,,,,124.8,129.9,,114.0,123.1
1989:10,,,,,,125.4,130.6,,114.6,123.5
1989:11,,,,,,125.9,131.1,,114.8,123.9
1989:12,,,,,,126.3,131.6,,115.5,124.2
1989:Q1,81.963,55.694,44.849,100.48,57.306,,,56.392,,
1989:Q2,83.388,56.485,45.388,98.068,57.827,,,57.002,,
1989:Q3,83.406,56.855,45.884,95.322,58.258,,,57.425,,
1989:Q4,83.753,57.347,46.421,92.302,58.791,,,57.817,,
1990:01,,,,,,127.5,132.1,,117.7,124.5
1990:02,,,,,,128.0,132.7,,117.6,124.9
1990:03,,,,,,128.6,133.5,,117.5,125.3
1990:04,,,,,,128.9,134.0,,117.4,125.5
1990:05,,,,,,129.1,134.4,,117.5,126.0
1990:06,,,,,,129.9,135.1,,117.6,126.4
1990:07,,,,,,130.5,135.8,,117.9,126.6
1990:08,,,,,,131.6,136.6,,119.2,127.1
1990:09,,,,,,132.5,137.1,,120.7,127.7
1990:10,,,,,,133.4,137.6,,121.9,128.0
1990:11,,,,,,133.7,138.0,,122.6,128.4
1990:12,,,,,,134.2,138.6,,122.0,128.6
1990:Q1,85.291,58.201,47.002,91.763,59.468,,,58.447,,
1990:Q2,85.615,58.771,47.652,89.354,60.132,,,59.101,,
1990:Q3,86.824,59.566,48.278,86.957,60.74,,,59.612,,
1990:Q4,88.398,60.389,48.809,85.668,61.25,,,60.067,,
1991:01,,,,,,134.7,139.5,,122.6,129.5
1991:02,,,,,,134.8,140.2,,121.8,129.8
1991:03,,,,,,134.8,140.5,,121.3,130.1
1991:04,,,,,,135.1,140.9,,121.3,130.4
1991:05,,,,,,135.6,141.3,,121.6,130.6
1991:06,,,,,,136.0,141.8,,121.4,130.7
1991:07,,,,,,136.2,142.3,,121.1,131.0
1991:08,,,,,,136.6,142.9,,121.3,131.3
1991:09,,,,,,137.0,143.4,,121.5,131.8
1991:10,,,,,,137.2,143.7,,121.9,132.3
1991:11,,,,,,137.8,144.2,,122.4,132.5
1991:12,,,,,,138.2,144.7,,122.3,132.6
1991:Q1,88.344,60.746,49.308,83.405,61.793,,,60.651,,
1991:Q2,88.518,61.09,49.705,83.045,62.27,,,61.088,,
1991:Q3,88.68,61.542,50.25,81.195,62.83,,,61.557,,
1991:Q4,89.046,62.025,50.762,79.47,63.325,,,61.915,,
1992:01,,,,,,138.3,145.1,,122.0,133.0
1992:02,,,,,,138.6,145.4,,122.3,133.1
1992:03,,,,,,139.1,145.9,,122.4,133.4
1992:04,,,,,,139.4,146.3,,122.5,133.8
1992:05,,,,,,139.7,146.8,,122.9,134.3
1992:06,,,,,,140.1,147.1,,123.4,134.1
1992:07,,,,,,140.5,147.6,,123.3,134.3
1992:08,,,,,,140.8,147.9,,123.4,134.3
1992:09,,,,,,141.1,148.1,,123.7,134.6
1992:10,,,,,,141.7,148.8,,124.2,134.9
1992:11,,,,,,142.1,149.2,,124.1,135.1
1992:12,,,,,,142.3,149.6,,124.2,135.2
1992:Q1,89.15,62.466,51.311,76.807,63.809,,,62.162,,
1992:Q2,89.528,62.924,51.784,74.893,64.26,,,62.533,,
1992:Q3,89.985,63.354,52.194,73.744,64.64,,,62.833,,
1992:Q4,90.205,63.842,52.765,71.808,65.114,,,63.275,,
1993:01,,,,,,142.8,150.1,,124.4,135.6
1993:02,,,,,,143.1,150.6,,124.7,135.9
1993:03,,,,,,143.3,150.8,,125.0,136.1
1993:04,,,,,,143.8,151.4,,125.7,136.5
1993:05,,,,,,144.2,151.8,,125.7,136.6
1993:06,,,,,,144.3,152.1,,125.2,136.4
1993:07,,,,,,144.5,152.3,,125.1,136.6
1993:08,,,,,,144.8,152.8,,123.9,134.9
1993:09,,,,,,145.0,152.9,,124.1,134.9
1993:10,,,,,,145.6,153.4,,124.2,135.0
1993:11,,,,,,146.0,153.9,,124.4,135.3
1993:12,,,,,,146.3,154.3,,124.4,135.7
1993:Q1,90.367,64.251,53.251,70.705,65.563,,,63.652,,
1993:Q2,90.446,64.69,53.808,70.776,66.061,,,64.027,,
1993:Q3,90.344,64.994,54.251,69.909,66.43,,,64.349,,
1993:Q4,90.827,65.374,54.586,69.986,66.772,,,64.727,,
1994:01,,,,,,146.3,154.5,,124.8,136.3
1994:02,,,,,,146.7,154.8,,125.0,136.3
1994:03,,,,,,147.1,155.3,,125.1,136.4
1994:04,,,,,,147.2,155.5,,125.1,136.6
1994:05,,,,,,147.5,155.9,,125.1,137.0
1994:06,,,,,,147.9,156.4,,125.2,137.2
1994:07,,,,,,148.4,156.7,,125.7,137.3
1994:08,,,,,,149.0,157.1,,126.2,137.6
1994:09,,,,,,149.3,157.5,,125.9,137.7
1994:10,,,,,,149.4,157.8,,125.5,137.4
1994:11,,,,,,149.8,158.2,,126.1,137.6
1994:12,,,,,,150.1,158.3,,126.6,137.9
1994:Q1,90.731,65.618,54.948,69.759,67.075,,,65.058,,
1994:Q2,91.048,65.99,55.333,69.851,67.526,,,65.369,,
1994:Q3,91.886,66.466,55.665,70.267,67.903,,,65.717,,
1994:Q4,92.002,66.771,56.033,70.943,68.248,,,66.083,,
1995:01,,,,,,150.5,159.0,,126.9,138.4
1995:02,,,,,,150.9,159.4,,127.2,138.7
1995:03,,,,,,151.2,159.9,,127.4,139.0
1995:04,,,,,,151.8,160.4,,127.7,139.3
1995:05,,,,,,152.1,160.7,,127.8,139.7
1995:06,,,,,,152.4,161.1,,127.8,139.8
1995:07,,,,,,152.6,161.4,,128.0,140.2
1995:08,,,,,,152.9,161.8,,127.9,140.2
1995:09,,,,,,153.1,162.2,,128.1,140.2
1995:10,,,,,,153.5,162.7,,128.4,141.0
1995:11,,,,,,153.7,163.0,,128.7,141.3
1995:12,,,,,,153.9,163.1,,129.3,141.5
1995:Q1,92.111,67.126,56.472,69.853,68.606,,,66.46,,
1995:Q2,92.3,67.521,56.933,70.064,69.013,,,66.785,,
1995:Q3,92.325,67.795,57.293,70.42,69.342,,,67.084,,
1995:Q4,92.347,68.104,57.702,70.208,69.69,,,67.401,,
1996:01,,,,,,154.7,163.7,,129.7,141.5
1996:02,,,,,,155.0,164.0,,129.7,141.6
1996:03,,,,,,155.5,164.4,,130.5,141.6
1996:04,,,,,,156.1,164.6,,130.9,141.6
1996:05,,,,,,156.4,165.0,,130.9,142.0
1996:06,,,,,,156.7,165.4,,131.3,142.2
1996:07,,,,,,157.0,165.7,,131.2,142.2
1996:08,,,,,,157.2,166.0,,131.6,142.3
1996:09,,,,,,157.7,166.5,,131.7,142.2
1996:10,,,,,,158.2,166.8,,132.4,142.3
1996:11,,,,,,158.7,167.2,,132.5,142.1
1996:12,,,,,,159.1,167.4,,132.9,142.3
1996:Q1,92.962,68.488,57.992,70.359,69.964,,,67.712,,
1996:Q2,93.372,68.938,58.449,71.222,70.296,,,67.988,,
1996:Q3,93.196,69.231,58.912,71.594,70.617,,,68.318,,
1996:Q4,93.61,69.699,59.392,72.233,71.019,,,68.607,,
1997:01,,,,,,159.4,167.8,,133.0,142.5
1997:02,,,,,,159.7,168.1,,132.7,142.4
1997:03,,,,,,159.8,168.4,,132.6,142.6
1997:04,,,,,,159.9,168.9,,131.8,142.6
1997:05,,,,,,159.9,169.2,,131.5,142.4
1997:06,,,,,,160.2,169.4,,131.3,142.4
1997:07,,,,,,160.4,169.7,,130.9,142.2
1997:08,,,,,,160.8,169.8,,131.4,142.3
1997:09,,,,,,161.2,170.2,,131.6,142.6
1997:10,,,,,,161.5,170.6,,131.9,142.6
1997:11,,,,,,161.7,170.8,,131.6,142.4
1997:12,,,,,,161.8,171.2,,131.4,142.3
1997:Q1,93.719,69.994,59.751,73.201,71.298,,,68.915,,
1997:Q2,93.213,70.171,60.184,73.255,71.67,,,69.258,,
1997:Q3,92.95,70.334,60.505,74.633,71.837,,,69.464,,
1997:Q4,92.826,70.527,60.816,76.42,72.065,,,69.713,,
1998:01,,,,,,162.0,171.6,,130.7,142.4
1998:02,,,,,,162.0,171.9,,130.6,142.6
1998:03,,,,,,162.0,172.2,,130.5,143.3
1998:04,,,,,,162.2,172.5,,130.7,143.4
1998:05,,,,,,162.6,172.9,,130.5,143.5
1998:06,,,,,,162.8,173.2,,130.4,143.5
1998:07,,,,,,163.2,173.5,,130.7,143.8
1998:08,,,,,,163.4,174.0,,130.4,143.8
1998:09,,,,,,163.5,174.2,,130.4,144.0
1998:10,,,,,,163.9,174.4,,130.9,144.2
1998:11,,,,,,164.1,174.8,,130.8,144.3
1998:12,,,,,,164.4,175.4,,131.3,145.8
1998:Q1,92.105,70.505,61.063,77.858,72.277,,,69.783,,
1998:Q2,91.739,70.605,61.341,79.419,72.498,,,69.964,,
1998:Q3,91.713,70.814,61.638,80.184,72.756,,,70.235,,
1998:Q4,91.549,71.003,61.965,80.234,72.987,,,70.424,,
1999:01,,,,,,164.7,175.6,,131.7,145.6
1999:02,,,,,,164.7,175.6,,131.2,145.7
1999:03,,,,,,164.8,175.7,,131.5,145.7
1999:04,,,,,,165.9,176.3,,132.1,145.7
1999:05,,,,,,166.0,176.5,,132.3,145.7
1999:06,,,,,,166.0,176.6,,132.4,145.8
1999:07,,,,,,166.7,177.1,,132.7,145.8
1999:08,,,,,,167.1,177.3,,133.5,145.7
1999:09,,,,,,167.8,177.8,,134.5,146.5
1999:10,,,,,,168.1,178.1,,134.4,146.9
1999:11,,,,,,168.4,178.4,,134.9,146.9
1999:12,,,,,,168.8,178.7,,135.2,147.0
1999:Q1,91.457,71.143,62.197,80.403,73.171,,,70.615,,
1999:Q2,92.114,71.536,62.479,81.494,73.425,,,70.934,,
1999:Q3,92.571,71.911,62.818,82.858,73.695,,,71.207,,
1999:Q4,92.889,72.329,63.271,84.352,74.042,,,71.581,,
2000:01,,,,,,169.3,179.3,,135.2,146.8
2000:02,,,,,,170.0,179.4,,136.6,147.3
2000:03,,,,,,171.0,180.0,,137.3,147.4
2000:04,,,,,,170.9,180.3,,136.9,147.4
2000:05,,,,,,171.2,180.7,,137.0,147.8
2000:06,,,,,,172.2,181.1,,138.1,147.8
2000:07,,,,,,172.7,181.5,,138.2,148.1
2000:08,,,,,,172.7,181.9,,137.9,148.2
2000:09,,,,,,173.6,182.3,,139.0,148.6
2000:10,,,,,,173.9,182.6,,139.5,148.5
2000:11,,,,,,174.2,183.1,,140.2,148.7
2000:12,,,,,,174.6,183.3,,140.5,148.9
2000:Q1,93.612,72.923,63.807,84.662,74.43,,,72.058,,
2000:Q2,94.047,73.232,64.062,86.976,74.689,,,72.491,,
2000:Q3,94.297,73.713,64.63,87.114,75.05,,,72.945,,
2000:Q4,94.4,74.111,65.144,88.501,75.421,,,73.341,,
2001:01,,,,,,175.6,183.9,,141.7,149.5
2001:02,,,,,,176.0,184.4,,141.9,149.2
2001:03,,,,,,176.1,184.7,,141.2,149.5
2001:04,,,,,,176.4,185.1,,142.0,149.8
2001:05,,,,,,177.3,185.3,,142.3,150.1
2001:06,,,,,,177.7,186.0,,141.8,150.2
2001:07,,,,,,177.4,186.4,,140.1,150.5
2001:08,,,,,,177.4,186.7,,140.7,150.5
2001:09,,,,,,178.1,187.1,,141.3,150.7
2001:10,,,,,,177.6,187.4,,139.0,149.8
2001:11,,,,,,177.5,188.1,,138.5,150.2
2001:12,,,,,,177.4,188.4,,138.0,150.4
2001:Q1,94.394,74.636,65.88,90.302,75.912,,,73.843,,
2001:Q2,94.547,74.979,66.297,91.017,76.199,,,74.335,,
2001:Q3,94.07,75.008,66.531,91.464,76.395,,,74.56,,
2001:Q4,93.061,75.056,67.015,90.696,76.764,,,74.801,,
2002:01,,,,,,177.7,188.7,,137.7,150.0
2002:02,,,,,,178.0,189.1,,138.0,150.1
2002:03,,,,,,178.5,189.2,,138.8,150.0
2002:04,,,,,,179.3,189.7,,138.7,150.3
2002:05,,,,,,179.5,190.0,,138.4,150.2
2002:06,,,,,,179.6,190.2,,138.8,150.5
2002:07,,,,,,180.0,190.5,,138.6,150.0
2002:08,,,,,,180.5,191.1,,138.7,149.9
2002:09,,,,,,180.8,191.3,,139.2,150.3
2002:10,,,,,,181.2,191.5,,140.0,150.5
2002:11,,,,,,181.5,191.9,,140.0,150.3
2002:12,,,,,,181.8,192.1,,139.7,149.5
2002:Q1,92.65,75.194,67.379,91.504,77.0,,,74.998,,
2002:Q2,93.301,75.755,67.899,92.008,77.424,,,75.295,,
2002:Q3,93.285,76.178,68.502,91.138,77.836,,,75.633,,
2002:Q4,93.25,76.56,69.058,90.405,78.113,,,76.073,,
2003:01,,,,,,182.6,192.4,,141.1,149.8
2003:02,,,,,,183.6,192.5,,142.7,149.9
2003:03,,,,,,183.9,192.5,,144.0,150.7
2003:04,,,,,,183.2,192.5,,142.2,149.9
2003:05,,,,,,182.9,192.9,,141.9,150.1
2003:06,,,,,,183.1,193.0,,142.7,150.1
2003:07,,,,,,183.7,193.4,,142.8,150.3
2003:08,,,,,,184.5,193.6,,143.7,150.5
2003:09,,,,,,185.1,193.7,,144.0,150.4
2003:10,,,,,,184.9,194.0,,144.8,151.1
2003:11,,,,,,185.0,194.0,,144.6,151.0
2003:12,,,,,,185.5,194.2,,145.1,151.0
2003:Q1,93.771,77.181,69.718,89.581,78.354,,,76.482,,
2003:Q2,92.478,77.308,70.447,87.612,78.651,,,76.746,,
2003:Q3,92.917,77.838,71.015,87.311,79.011,,,77.185,,
2003:Q4,92.847,78.222,71.597,87.682,79.365,,,77.633,,
2004:01,,,,,,186.3,194.6,,145.9,151.4
2004:02,,,,,,186.7,194.9,,145.8,151.3
2004:03,,,,,,187.1,195.5,,146.2,151.8
2004:04,,,,,,187.4,195.9,,147.2,151.9
2004:05,,,,,,188.2,196.2,,148.4,152.3
2004:06,,,,,,188.9,196.6,,148.4,152.8
2004:07,,,,,,189.1,196.8,,148.2,152.5
2004:08,,,,,,189.2,196.9,,148.6,152.9
2004:09,,,,,,189.8,197.5,,148.8,153.2
2004:10,,,,,,190.8,197.9,,151.2,153.7
2004:11,,,,,,191.7,198.3,,152.1,154.1
2004:12,,,,,,191.7,198.6,,151.4,154.5
2004:Q1,93.606,78.859,72.18,86.928,79.801,,,78.191,,
2004:Q2,94.133,79.388,72.708,87.595,80.258,,,78.825,,
2004:Q3,94.205,79.813,73.287,86.576,80.545,,,79.323,,
2004:Q4,95.3,80.499,73.793,87.131,80.982,,,79.936,,
2005:01,,,,,,191.6,199.0,,151.9,155.4
2005:02,,,,,,192.4,199.4,,152.7,155.3
2005:03,,,,,,193.1,200.1,,153.7,155.6
2005:04,,,,,,193.7,200.2,,154.2,156.0
2005:05,,,,,,193.6,200.5,,153.9,156.4
2005:06,,,,,,193.7,200.6,,153.9,156.2
2005:07,,,,,,194.9,200.9,,155.0,156.8
2005:08,,,,,,196.1,201.1,,156.3,156.9
2005:09,,,,,,198.8,201.3,,158.8,157.1
2005:10,,,,,,199.1,202.0,,160.5,156.8
2005:11,,,,,,198.1,202.5,,158.7,156.8
2005:12,,,,,,198.1,202.8,,159.6,156.8
2005:Q1,95.127,80.941,74.504,88.782,81.558,,,80.55,,
2005:Q2,95.473,81.464,75.103,88.842,81.962,,,81.137,,
2005:Q3,97.058,82.363,75.698,88.896,82.281,,,81.905,,
2005:Q4,97.156,83.027,76.61,89.274,82.831,,,82.557,,
2006:01,,,,,,199.3,203.2,,160.5,157.5
2006:02,,,,,,199.4,203.6,,158.7,158.0
2006:03,,,,,,199.7,204.3,,159.3,158.4
2006:04,,,,,,200.7,204.8,,160.6,158.5
2006:05,,,,,,201.3,205.4,,160.6,158.9
2006:06,,,,,,201.8,205.9,,161.4,159.0
2006:07,,,,,,202.9,206.3,,161.0,158.1
2006:08,,,,,,203.8,206.8,,162.1,158.7
2006:09,,,,,,202.8,207.2,,160.2,159.2
2006:10,,,,,,201.9,207.6,,158.7,158.5
2006:11,,,,,,202.0,207.8,,160.0,159.9
2006:12,,,,,,203.1,208.1,,161.1,160.0
2006:Q1,97.075,83.452,77.26,89.993,83.311,,,83.135,,
2006:Q2,97.818,84.2,78.008,90.159,83.975,,,83.871,,
2006:Q3,98.387,84.819,78.649,90.273,84.427,,,84.486,,
2006:Q4,96.696,84.681,79.21,90.012,84.791,,,84.806,,
2007:01,,,,,,203.437,208.6,,160.9,160.2
2007:02,,,,,,204.226,209.135,,162.7,160.9
2007:03,,,,,,205.288,209.418,,164.1,160.9
2007:04,,,,,,205.904,209.747,,165.3,161.0
2007:05,,,,,,206.755,210.058,,166.0,161.4
2007:06,,,,,,207.234,210.392,,166.1,161.7
2007:07,,,,,,207.603,210.773,,167.2,162.1
2007:08,,,,,,207.667,211.119,,166.0,162.3
2007:09,,,,,,208.547,211.554,,167.6,162.3
2007:10,,,,,,209.19,212.077,,169.3,162.9
2007:11,,,,,,210.834,212.66,,172.4,163.4
2007:12,,,,,,211.445,213.168,,171.7,163.4
2007:Q1,97.374,85.452,80.022,90.957,85.376,,,85.655,,
2007:Q2,98.432,86.196,80.624,90.974,85.731,,,86.201,,
2007:Q3,98.643,86.673,81.222,91.921,86.152,,,86.568,,
2007:Q4,99.857,87.61,82.036,90.663,86.747,,,86.982,,
2008:01,,,,,,212.174,213.771,,173.3,164.1
2008:02,,,,,,212.687,213.939,,173.9,164.8
2008:03,,,,,,213.448,214.42,,175.4,165.1
2008:04,,,,,,213.942,214.56,,175.9,165.8
2008:05,,,,,,215.208,214.936,,178.4,166.3
2008:06,,,,,,217.463,215.424,,181.2,166.6
2008:07,,,,,,219.016,215.965,,183.4,167.4
2008:08,,,,,,218.69,216.393,,182.0,168.1
2008:09,,,,,,218.877,216.713,,182.7,168.9
2008:10,,,,,,216.995,216.788,,178.3,170.5
2008:11,,,,,,213.153,216.947,,172.9,170.4
2008:12,,,,,,211.398,216.925,,169.7,170.8
2008:Q1,100.885,88.325,82.614,91.343,87.207,,,87.359,,
2008:Q2,102.142,89.195,83.315,91.919,87.573,,,87.678,,
2008:Q3,103.855,90.158,83.952,92.507,88.02,,,88.361,,
2008:Q4,99.216,88.711,83.869,91.276,87.95,,,88.511,,
2009:01,,,,,,211.933,217.346,,170.8,170.8
2009:02,,,,,,212.705,217.792,,170.6,170.9
2009:03,,,,,,212.495,218.253,,169.1,171.2
2009:04,,,,,,212.709,218.706,,170.0,171.3
2009:05,,,,,,213.022,218.904,,170.3,171.2
2009:06,,,,,,214.79,219.112,,173.5,171.8
2009:07,,,,,,214.726,219.263,,171.5,171.4
2009:08,,,,,,215.445,219.496,,173.9,171.8
2009:09,,,,,,215.861,219.92,,173.5,171.6
2009:10,,,,,,216.509,220.501,,174.3,171.5
2009:11,,,,,,217.234,220.666,,176.6,172.1
2009:12,,,,,,217.347,220.881,,177.1,172.1
2009:Q1,97.466,88.136,83.793,89.818,87.95,,,88.536,,
2009:Q2,98.547,88.512,83.875,89.29,88.294,,,88.418,,
2009:Q3,99.76,89.145,84.263,89.109,88.607,,,88.474,,
2009:Q4,100.565,89.883,84.969,88.143,89.159,,,88.798,,
2010:01,,,,,,217.488,220.633,,178.9,172.5
2010:02,,,,,,217.281,220.731,,177.7,172.6
2010:03,,,,,,217.353,220.783,,178.9,172.9
2010:04,,,,,,217.403,220.822,,178.9,172.9
2010:05,,,,,,217.29,220.962,,178.9,173.4
2010:06,,,,,,217.199,221.194,,178.3,173.6
2010:07,,,,,,217.605,221.363,,178.5,173.7
2010:08,,,,,,217.923,221.509,,179.5,173.9
2010:09,,,,,,218.275,221.711,,180.1,174.3
2010:10,,,,,,219.035,221.83,,181.6,174.3
2010:11,,,,,,219.59,222.149,,182.4,174.3
2010:12,,,,,,220.472,222.343,,184.0,174.6
2010:Q1,100.71,90.244,85.416,88.08,89.464,,,89.018,,
2010:Q2,100.118,90.405,85.896,87.506,89.706,,,89.431,,
2010:Q3,100.092,90.578,86.154,87.702,89.843,,,89.755,,
2010:Q4,101.211,91.162,86.506,88.155,90.127,,,90.27,,
2011:01,,,,,,221.187,222.803,,185.4,175.3
2011:02,,,,,,221.898,223.213,,187.4,175.7
2011:03,,,,,,223.046,223.454,,188.8,176.2
2011:04,,,,,,224.093,223.727,,190.5,176.8
2011:05,,,,,,224.806,224.175,,191.5,177.0
2011:06,,,,,,224.806,224.697,,190.8,177.6
2011:07,,,,,,225.395,225.218,,191.6,178.2
2011:08,,,,,,226.106,225.862,,191.1,178.5
2011:09,,,,,,226.597,226.118,,192.8,179.0
2011:10,,,,,,226.75,226.506,,192.4,179.4
2011:11,,,,,,227.169,226.899,,192.9,179.6
2011:12,,,,,,227.223,227.405,,192.7,180.0
2011:Q1,102.789,91.929,86.923,88.845,90.523,,,90.71,,
2011:Q2,104.52,92.858,87.505,88.889,91.053,,,91.363,,
2011:Q3,104.878,93.301,87.983,88.885,91.468,,,91.84,,
2011:Q4,105.112,93.623,88.342,88.738,91.794,,,91.951,,
2012:01,,,,,,227.842,227.877,,193.4,180.7
2012:02,,,,,,228.329,228.034,,193.9,181.0
2012:03,,,,,,228.807,228.478,,194.1,181.3
2012:04,,,,,,229.187,228.905,,194.0,181.6
2012:05,,,,,,228.713,229.224,,192.9,181.8
2012:06,,,,,,228.524,229.623,,192.1,182.1
2012:07,,,,,,228.59,229.97,,192.4,182.9
2012:08,,,,,,229.918,230.233,,194.7,183.2
2012:09,,,,,,231.015,230.659,,196.5,183.2
2012:10,,,,,,231.638,231.024,,196.7,183.3
2012:11,,,,,,231.249,231.33,,195.7,183.7
2012:12,,,,,,231.221,231.725,,195.3,183.7
2012:Q1,105.765,94.25,88.955,89.141,92.373,,,92.495,,
2012:Q2,105.424,94.487,89.443,89.063,92.755,,,92.881,,
2012:Q3,105.41,94.779,89.866,88.832,93.023,,,93.459,,
2012:Q4,105.883,95.299,90.404,89.66,93.435,,,93.869,,
2013:01,,,,,,231.679,232.229,,196.4,183.9
2013:02,,,,,,232.937,232.569,,197.6,184.2
2013:03,,,,,,232.282,232.794,,196.5,184.4
2013:04,,,,,,231.797,232.832,,195.3,184.6
2013:05,,,,,,231.893,232.996,,196.1,184.8
2013:06,,,,,,232.445,233.35,,196.2,185.0
2013:07,,,,,,232.9,233.88,,196.0,185.2
2013:08,,,,,,233.456,234.336,,197.0,185.3
2013:09,,,,,,233.544,234.7,,196.5,185.4
2013:10,,,,,,233.669,234.921,,196.9,185.6
2013:11,,,,,,234.1,235.359,,197.5,185.9
2013:12,,,,,,234.719,235.759,,198.3,186.7
2013:Q1,105.756,95.661,90.981,89.151,93.799,,,94.204,,
2013:Q2,104.787,95.673,91.431,90.284,94.064,,,94.474,,
2013:Q3,104.911,96.074,91.955,90.42,94.434,,,94.989,,
2013:Q4,104.741,96.451,92.578,90.057,94.842,,,95.477,,
2014:01,,,,,,235.288,235.961,,199.8,187.5
2014:02,,,,,,235.547,236.185,,200.2,187.7
2014:03,,,,,,236.028,236.625,,200.8,187.7
2014:04,,,,,,236.468,237.072,,201.7,187.9
2014:05,,,,,,236.918,237.529,,201.0,188.2
2014:06,,,,,,237.231,237.837,,201.5,188.5
2014:07,,,,,,237.498,238.195,,201.5,188.7
2014:08,,,,,,237.46,238.405,,201.4,189.0
2014:09,,,,,,237.477,238.786,,200.8,189.2
2014:10,,,,,,237.43,239.191,,200.2,189.7
2014:11,,,,,,236.983,239.458,,199.5,189.7
2014:12,,,,,,236.252,239.584,,196.8,189.8
2014:Q1,104.896,96.885,93.136,90.747,95.141,,,95.84,,
2014:Q2,105.002,97.319,93.72,91.124,95.557,,,96.343,,
2014:Q3,104.791,97.584,94.203,91.408,95.915,,,96.762,,
2014:Q4,103.479,97.385,94.515,93.447,96.175,,,96.8,,
2015:01,,,,,,234.747,239.811,,193.3,190.7
2015:02,,,,,,235.342,240.172,,193.5,191.2
2015:03,,,,,,235.976,240.755,,194.2,191.4
2015:04,,,,,,236.222,241.346,,192.9,191.5
2015:05,,,,,,237.001,241.688,,195.1,191.8
2015:06,,,,,,237.657,242.064,,196.2,192.7
2015:07,,,,,,238.034,242.565,,196.0,193.0
2015:08,,,,,,238.033,242.817,,195.3,193.0
2015:09,,,,,,237.498,243.316,,192.9,193.2
2015:10,,,,,,237.733,243.768,,192.4,193.1
2015:11,,,,,,238.017,244.241,,192.6,193.2
2015:12,,,,,,237.761,244.547,,191.3,193.4
2015:Q1,101.343,96.922,94.826,93.866,96.336,,,96.742,,
2015:Q2,101.871,97.399,95.279,94.575,96.765,,,97.302,,
2015:Q3,101.612,97.643,95.759,95.083,97.077,,,97.536,,
2015:Q4,100.573,97.547,96.106,95.698,97.319,,,97.527,,
2016:01,,,,,,237.652,244.955,,190.8,193.9
2016:02,,,,,,237.336,245.51,,189.4,194.1
2016:03,,,,,,238.08,245.913,,189.8,194.3
2016:04,,,,,,238.992,246.551,,190.4,194.6
2016:05,,,,,,239.557,247.137,,191.1,194.8
2016:06,,,,,,240.222,247.54,,192.4,195.4
2016:07,,,,,,240.101,247.829,,192.4,195.4
2016:08,,,,,,240.545,248.423,,191.8,195.6
2016:09,,,,,,241.176,248.842,,192.6,195.8
2016:10,,,,,,241.741,249.142,,193.7,196.1
2016:11,,,,,,242.026,249.481,,193.3,196.3
2016:12,,,,,,242.637,249.92,,195.0,196.7
2016:Q1,99.518,97.572,96.639,96.457,97.726,,,97.468,,
2016:Q2,99.96,98.184,97.332,97.292,98.262,,,98.108,,
2016:Q3,99.566,98.518,98.013,97.775,98.689,,,98.372,,
2016:Q4,99.797,98.951,98.542,98.803,99.028,,,98.884,,
2017:01,,,,,,243.618,250.467,,196.6,197.2
2017:02,,,,,,244.006,250.998,,197.2,197.4
2017:03,,,,,,243.892,250.944,,197.1,197.9
2017:04,,,,,,244.193,251.227,,198.1,198.5
2017:05,,,,,,244.004,251.43,,196.1,198.5
2017:06,,,,,,244.163,251.746,,196.2,198.8
2017:07,,,,,,244.243,251.985,,196.3,198.9
2017:08,,,,,,245.183,252.535,,197.4,199.1
2017:09,,,,,,246.435,252.812,,199.0,199.0
2017:10,,,,,,246.626,253.526,,199.6,200.0
2017:11,,,,,,247.284,253.816,,201.3,200.5
2017:12,,,,,,247.805,254.344,,201.8,200.6
2017:Q1,100.331,99.516,99.124,99.763,99.488,,,99.389,,
2017:Q2,99.712,99.712,99.711,100.111,99.821,,,99.656,,
2017:Q3,99.744,100.065,100.219,100.463,100.123,,,100.174,,
2017:Q4,100.213,100.706,100.946,99.663,100.568,,,100.78,,
2018:01,,,,,,248.859,255.204,,202.2,201.0
2018:02,,,,,,249.529,255.711,,202.8,201.4
2018:03,,,,,,249.577,256.271,,202.8,201.9
2018:04,,,,,,250.227,256.63,,202.8,202.3
2018:05,,,,,,250.792,257.145,,203.8,202.6
2018:06,,,,,,251.018,257.399,,204.0,203.0
2018:07,,,,,,251.214,257.699,,204.4,203.6
2018:08,,,,,,251.663,257.891,,204.6,204.1
2018:09,,,,,,252.182,258.368,,205.3,204.4
2018:10,,,,,,252.772,258.917,,206.9,205.1
2018:11,,,,,,252.594,259.439,,205.2,205.6
2018:12,,,,,,252.767,260.063,,204.4,205.8
2018:Q1,100.748,101.405,101.725,100.559,101.208,,,101.428,,
2018:Q2,101.012,101.943,102.399,100.901,101.751,,,102.14,,
2018:Q3,100.84,102.279,102.985,101.46,102.076,,,102.586,,
2018:Q4,100.644,102.648,103.633,102.427,102.552,,,103.005,,
2019:01,,,,,,252.561,260.766,,202.5,206.7
2019:02,,,,,,253.319,261.186,,203.5,207.0
2019:03,,,,,,254.277,261.567,,205.1,207.3
2019:04,,,,,,255.233,261.997,,206.8,207.4
2019:05,,,,,,255.296,262.217,,206.4,207.6
2019:06,,,,,,255.213,262.739,,205.4,207.7
2019:07,,,,,,255.802,263.28,,206.0,208.0
2019:08,,,,,,256.036,263.877,,205.4,208.0
2019:09,,,,,,256.43,264.388,,205.4,208.1
2019:10,,,,,,257.155,264.97,,206.7,208.5
2019:11,,,,,,257.879,265.548,,207.3,208.8
2019:12,,,,,,258.63,266.02,,208.5,208.8
2019:Q1,100.215,102.838,104.128,103.26,102.964,,,103.332,,
2019:Q2,100.694,103.424,104.768,103.496,103.398,,,103.855,,
2019:Q3,100.334,103.647,105.286,104.625,103.783,,,104.196,,
2019:Q4,100.463,104.063,105.85,104.768,104.147,,,104.543,,
2020:01,,,,,,259.127,266.716,,208.0,208.9
2020:02,,,,,,259.25,267.37,,206.4,209.5
2020:03,,,,,,258.076,267.054,,201.8,209.5
2020:04,,,,,,256.032,265.746,,196.2,210.0
2020:05,,,,,,255.802,265.412,,200.3,209.8
2020:06,,,,,,257.042,265.849,,201.0,209.8
2020:07,,,,,,258.352,267.389,,202.1,210.2
2020:08,,,,,,259.316,268.422,,202.4,210.5
2020:09,,,,,,259.997,268.933,,203.2,210.6
2020:10,,,,,,260.319,269.306,,203.9,210.8
2020:11,,,,,,260.911,269.981,,204.3,211.5
2020:12,,,,,,262.045,270.341,,206.6,211.7
2020:Q1,100.217,104.432,106.537,104.922,104.617,,,105.035,,
2020:Q2,98.732,104.004,106.688,104.455,104.42,,,104.66,,
2020:Q3,99.643,104.841,107.485,104.685,105.197,,,105.619,,
2020:Q4,100.073,105.373,108.078,105.196,105.669,,,106.278,,
2021:01,,,,,,262.687,270.387,,208.9,212.4
2021:02,,,,,,263.579,270.793,,211.5,213.0
2021:03,,,,,,264.961,271.459,,213.4,213.8
2021:04,,,,,,266.614,273.66,,214.6,214.9
2021:05,,,,,,268.383,275.465,,216.8,216.1
2021:06,,,,,,270.654,277.651,,219.9,217.6
2021:07,,,,,,271.903,278.648,,221.299,219.017
2021:08,,,,,,272.676,278.997,,223.417,220.048
2021:09,,,,,,273.91,279.698,,227.37,221.481
2021:10,,,,,,276.55,281.668,,230.095,222.859
2021:11,,,,,,278.919,283.406,,232.542,224.181
2021:12,,,,,,280.845,285.18,,233.462,225.497
2021:Q1,101.442,106.53,109.113,107.582,106.572,,,107.629,,
2021:Q2,103.519,108.096,110.377,110.918,108.087,,,109.276,,
2021:Q3,105.325,109.503,111.555,114.727,109.369,,,110.966,,
2021:Q4,108.11,111.255,112.729,119.392,110.792,,,112.862,,
2022:01,,,,,,282.543,286.757,,236.161,227.45
2022:02,,,,,,284.5,288.273,,240.553,229.597
2022:03,,,,,,287.674,289.056,,245.738,231.105
2022:04,,,,,,288.561,290.514,,247.541,233.454
2022:05,,,,,,291.298,292.063,,252.937,235.358
2022:06,,,,,,294.957,294.05,,259.855,237.011
2022:07,,,,,,294.913,295.088,,254.745,238.277
2022:08,,,,,,295.097,296.535,,251.667,239.51
2022:09,,,,,,296.349,298.226,,253.649,240.17
2022:10,,,,,,298.007,299.399,,255.961,241.069
2022:11,,,,,,298.786,300.325,,256.579,242.161
2022:12,,,,,,298.832,301.394,,253.813,242.767
2022:Q1,111.224,113.364,114.275,121.076,112.453,,,115.162,,
2022:Q2,113.951,115.404,115.934,124.415,113.795,,,117.76,,
2022:Q3,114.6,116.692,117.57,127.109,115.231,,,119.042,,
2022:Q4,114.781,117.811,119.192,130.802,116.565,,,120.175,,
2023:01,,,,,,300.42,302.642,,257.182,244.369
2023:02,,,,,,301.45,304.123,,255.223,245.158
2023:03,,,,,,301.821,305.147,,253.25,245.932
2023:04,,,,,,302.845,306.534,,253.842,246.161
2023:05,,,,,,303.334,307.652,,251.298,246.917
2023:06,,,,,,304.014,308.322,,252.276,247.039
2023:07,,,,,,304.609,308.96,,252.507,247.59
2023:08,,,,,,306.082,309.58,,256.632,248.005
2023:09,,,,,,307.276,310.539,,259.454,248.373
2023:10,,,,,,307.696,311.457,,255.326,248.652
2023:11,,,,,,308.148,312.392,,254.558,249.157
2023:12,,,,,,308.741,313.195,,254.434,249.217
2023:Q1,115.002,118.89,120.731,133.902,117.917,,,121.291,,
2023:Q2,115.094,119.746,121.997,135.749,119.069,,,121.933,,
2023:Q3,115.194,120.51,123.117,138.27,119.768,,,122.923,,
2023:Q4,114.856,121.033,124.101,139.713,120.403,,,123.409,,
2024:01,,,,,,309.698,314.319,,254.678,250.053
2024:02,,,,,,310.967,315.564,,257.529,250.907
2024:03,,,,,,312.345,316.792,,257.987,251.433
2024:04,,,,,,313.023,317.649,,258.631,251.8
2024:05,,,,,,313.175,318.095,,257.126,252.445
2024:06,,,,,,313.044,318.39,,256.595,252.767
2024:07,,,,,,313.569,318.94,,257.366,253.112
2024:08,,,,,,314.062,319.75,,257.706,253.866
2024:09,,,,,,314.732,320.732,,257.178,254.413
2024:10,,,,,,315.631,321.731,,257.634,254.752
2024:11,,,,,,316.528,322.657,,259.321,255.312
2024:12,,,,,,317.604,323.259,,261.129,255.717
2024:Q1,114.707,122.099,125.814,141.142,121.588,,,124.366,,
2024:Q2,114.817,122.823,126.864,144.256,122.454,,,125.167,,
2024:Q3,114.349,123.305,127.852,146.184,123.168,,,125.715,,
2024:Q4,114.28,124.06,129.05,147.643,123.997,,,126.474,,
2025:01,,,,,,318.961,324.638,,262.365,255.929
2025:02,,,,,,319.679,325.465,,262.897,256.739
2025:03,,,,,,319.785,325.69,,260.21,257.259
2025:04,,,,,,320.302,326.467,,259.608,258.088
2025:05,,,,,,320.62,326.893,,260.423,258.9
2025:06,,,,,,321.435,327.658,,261.496,259.585
2025:07,,,,,,322.169,328.682,,262.587,260.313
2025:08,,,,,,323.291,329.7,,262.934,261.319
2025:09,,,,,,324.245,330.418,,265.093,261.828
2025:10,,,,,,,,,264.021,263.02
2025:11,,,,,,325.063,331.043,,266.483,263.621
2025:12,,,,,,326.031,331.814,,266.314,264.396
2025:Q1,114.911,125.119,130.338,148.592,125.0,,,127.597,,
2025:Q2,114.969,125.802,131.358,148.497,125.804,,,128.266,,
2025:Q3,115.424,126.676,132.455,149.135,126.699,,,129.457,,
2025:Q4,115.996,127.635,133.619,148.587,127.549,,,130.664,,
2026:01,,,,,,326.588,332.793,,264.608,265.632
2026:02,,,,,,327.46,333.512,,267.16,266.277
