date,IPT,IPM,CUT,CUM
1919:01,,,,
1919:02,,,,
1919:03,,,,
1919:04,,,,
1919:05,,,,
1919:06,,,,
1919:07,,,,
1919:08,,,,
1919:09,,,,
1919:10,,,,
1919:11,,,,
1919:12,,,,
1920:01,,,,
1920:02,,,,
1920:03,,,,
1920:04,,,,
1920:05,,,,
1920:06,,,,
1920:07,,,,
1920:08,,,,
1920:09,,,,
1920:10,,,,
1920:11,,,,
1920:12,,,,
1921:01,,,,
1921:02,,,,
1921:03,,,,
1921:04,,,,
1921:05,,,,
1921:06,,,,
1921:07,,,,
1921:08,,,,
1921:09,,,,
1921:10,,,,
1921:11,,,,
1921:12,,,,
1922:01,,,,
1922:02,,,,
1922:03,,,,
1922:04,,,,
1922:05,,,,
1922:06,,,,
1922:07,,,,
1922:08,,,,
1922:09,,,,
1922:10,,,,
1922:11,,,,
1922:12,,,,
1923:01,,,,
1923:02,,,,
1923:03,,,,
1923:04,,,,
1923:05,,,,
1923:06,,,,
1923:07,,,,
1923:08,,,,
1923:09,,,,
1923:10,,,,
1923:11,,,,
1923:12,,,,
1924:01,,,,
1924:02,,,,
1924:03,,,,
1924:04,,,,
1924:05,,,,
1924:06,,,,
1924:07,,,,
1924:08,,,,
1924:09,,,,
1924:10,,,,
1924:11,,,,
1924:12,,,,
1925:01,,,,
1925:02,,,,
1925:03,,,,
1925:04,,,,
1925:05,,,,
1925:06,,,,
1925:07,,,,
1925:08,,,,
1925:09,,,,
1925:10,,,,
1925:11,,,,
1925:12,,,,
1926:01,,,,
1926:02,,,,
1926:03,,,,
1926:04,,,,
1926:05,,,,
1926:06,,,,
1926:07,,,,
1926:08,,,,
1926:09,,,,
1926:10,,,,
1926:11,,,,
1926:12,,,,
1927:01,,,,
1927:02,,,,
1927:03,,,,
1927:04,,,,
1927:05,,,,
1927:06,,,,
1927:07,,,,
1927:08,,,,
1927:09,,,,
1927:10,,,,
1927:11,,,,
1927:12,,,,
1928:01,,,,
1928:02,,,,
1928:03,,,,
1928:04,,,,
1928:05,,,,
1928:06,,,,
1928:07,,,,
1928:08,,,,
1928:09,,,,
1928:10,,,,
1928:11,,,,
1928:12,,,,
1929:01,,,,
1929:02,,,,
1929:03,,,,
1929:04,,,,
1929:05,,,,
1929:06,,,,
1929:07,,,,
1929:08,,,,
1929:09,,,,
1929:10,,,,
1929:11,,,,
1929:12,,,,
1930:01,,,,
1930:02,,,,
1930:03,,,,
1930:04,,,,
1930:05,,,,
1930:06,,,,
1930:07,,,,
1930:08,,,,
1930:09,,,,
1930:10,,,,
1930:11,,,,
1930:12,,,,
1931:01,,,,
1931:02,,,,
1931:03,,,,
1931:04,,,,
1931:05,,,,
1931:06,,,,
1931:07,,,,
1931:08,,,,
1931:09,,,,
1931:10,,,,
1931:11,,,,
1931:12,,,,
1932:01,,,,
1932:02,,,,
1932:03,,,,
1932:04,,,,
1932:05,,,,
1932:06,,,,
1932:07,,,,
1932:08,,,,
1932:09,,,,
1932:10,,,,
1932:11,,,,
1932:12,,,,
1933:01,,,,
1933:02,,,,
1933:03,,,,
1933:04,,,,
1933:05,,,,
1933:06,,,,
1933:07,,,,
1933:08,,,,
1933:09,,,,
1933:10,,,,
1933:11,,,,
1933:12,,,,
1934:01,,,,
1934:02,,,,
1934:03,,,,
1934:04,,,,
1934:05,,,,
1934:06,,,,
1934:07,,,,
1934:08,,,,
1934:09,,,,
1934:10,,,,
1934:11,,,,
1934:12,,,,
1935:01,,,,
1935:02,,,,
1935:03,,,,
1935:04,,,,
1935:05,,,,
1935:06,,,,
1935:07,,,,
1935:08,,,,
1935:09,,,,
1935:10,,,,
1935:11,,,,
1935:12,,,,
1936:01,,,,
1936:02,,,,
1936:03,,,,
1936:04,,,,
1936:05,,,,
1936:06,,,,
1936:07,,,,
1936:08,,,,
1936:09,,,,
1936:10,,,,
1936:11,,,,
1936:12,,,,
1937:01,,,,
1937:02,,,,
1937:03,,,,
1937:04,,,,
1937:05,,,,
1937:06,,,,
1937:07,,,,
1937:08,,,,
1937:09,,,,
1937:10,,,,
1937:11,,,,
1937:12,,,,
1938:01,,,,
1938:02,,,,
1938:03,,,,
1938:04,,,,
1938:05,,,,
1938:06,,,,
1938:07,,,,
1938:08,,,,
1938:09,,,,
1938:10,,,,
1938:11,,,,
1938:12,,,,
1939:01,,,,
1939:02,,,,
1939:03,,,,
1939:04,,,,
1939:05,,,,
1939:06,,,,
1939:07,,,,
1939:08,,,,
1939:09,,,,
1939:10,,,,
1939:11,,,,
1939:12,,,,
1940:01,,,,
1940:02,,,,
1940:03,,,,
1940:04,,,,
1940:05,,,,
1940:06,,,,
1940:07,,,,
1940:08,,,,
1940:09,,,,
1940:10,,,,
1940:11,,,,
1940:12,,,,
1941:01,,,,
1941:02,,,,
1941:03,,,,
1941:04,,,,
1941:05,,,,
1941:06,,,,
1941:07,,,,
1941:08,,,,
1941:09,,,,
1941:10,,,,
1941:11,,,,
1941:12,,,,
1942:01,,,,
1942:02,,,,
1942:03,,,,
1942:04,,,,
1942:05,,,,
1942:06,,,,
1942:07,,,,
1942:08,,,,
1942:09,,,,
1942:10,,,,
1942:11,,,,
1942:12,,,,
1943:01,,,,
1943:02,,,,
1943:03,,,,
1943:04,,,,
1943:05,,,,
1943:06,,,,
1943:07,,,,
1943:08,,,,
1943:09,,,,
1943:10,,,,
1943:11,,,,
1943:12,,,,
1944:01,,,,
1944:02,,,,
1944:03,,,,
1944:04,,,,
1944:05,,,,
1944:06,,,,
1944:07,,,,
1944:08,,,,
1944:09,,,,
1944:10,,,,
1944:11,,,,
1944:12,,,,
1945:01,,,,
1945:02,,,,
1945:03,,,,
1945:04,,,,
1945:05,,,,
1945:06,,,,
1945:07,,,,
1945:08,,,,
1945:09,,,,
1945:10,,,,
1945:11,,,,
1945:12,,,,
1946:01,,,,
1946:02,,,,
1946:03,,,,
1946:04,,,,
1946:05,,,,
1946:06,,,,
1946:07,,,,
1946:08,,,,
1946:09,,,,
1946:10,,,,
1946:11,,,,
1946:12,,,,
1947:01,13.7,13.2,,
1947:02,13.8,13.2,,
1947:03,13.8,13.3,,
1947:04,13.7,13.3,,
1947:05,13.8,13.2,,
1947:06,13.8,13.2,,
1947:07,13.7,13.1,,
1947:08,13.8,13.2,,
1947:09,13.9,13.3,,
1947:10,14.0,13.4,,
1947:11,14.2,13.6,,
1947:12,14.3,13.7,,
1948:01,14.4,13.7,,84.4
1948:02,14.4,13.7,,84.0
1948:03,14.2,13.7,,83.4
1948:04,14.2,13.7,,82.8
1948:05,14.5,13.8,,83.3
1948:06,14.7,14.0,,83.6
1948:07,14.7,14.0,,83.4
1948:08,14.6,13.9,,82.7
1948:09,14.5,13.8,,81.5
1948:10,14.6,13.9,,81.7
1948:11,14.4,13.7,,80.2
1948:12,14.3,13.6,,79.3
1949:01,14.2,13.5,,77.9
1949:02,14.0,13.3,,76.9
1949:03,13.8,13.2,,75.9
1949:04,13.7,12.9,,74.2
1949:05,13.5,12.8,,73.2
1949:06,13.5,12.8,,73.1
1949:07,13.4,12.9,,73.1
1949:08,13.6,13.0,,73.6
1949:09,13.7,13.3,,74.8
1949:10,13.2,12.8,,71.7
1949:11,13.5,12.9,,72.0
1949:12,13.8,13.2,,73.6
1950:01,14.0,13.5,,74.9
1950:02,14.1,13.6,,75.4
1950:03,14.5,13.8,,76.4
1950:04,15.0,14.4,,79.2
1950:05,15.4,14.8,,81.0
1950:06,15.8,15.2,,83.1
1950:07,16.3,15.7,,85.5
1950:08,16.9,16.3,,88.4
1950:09,16.7,16.1,,87.2
1950:10,16.9,16.2,,87.5
1950:11,16.8,16.2,,87.0
1950:12,17.1,16.5,,88.1
1951:01,17.2,16.6,,88.3
1951:02,17.3,16.6,,88.3
1951:03,17.4,16.7,,88.4
1951:04,17.4,16.7,,88.2
1951:05,17.3,16.6,,87.4
1951:06,17.3,16.6,,86.6
1951:07,17.0,16.3,,84.9
1951:08,16.8,16.1,,83.6
1951:09,16.9,16.2,,83.7
1951:10,16.9,16.1,,83.1
1951:11,17.0,16.2,,83.6
1951:12,17.2,16.4,,83.9
1952:01,17.3,16.5,,84.4
1952:02,17.4,16.6,,84.6
1952:03,17.5,16.7,,84.7
1952:04,17.3,16.6,,83.6
1952:05,17.2,16.5,,83.1
1952:06,17.0,16.3,,81.9
1952:07,16.7,16.0,,79.8
1952:08,17.8,17.1,,85.1
1952:09,18.5,17.7,,87.7
1952:10,18.7,18.0,,88.8
1952:11,19.0,18.3,,90.2
1952:12,19.1,18.5,,90.5
1953:01,19.2,18.5,,90.5
1953:02,19.3,18.7,,91.1
1953:03,19.5,18.9,,91.4
1953:04,19.5,18.9,,91.5
1953:05,19.7,19.0,,91.7
1953:06,19.6,18.9,,90.7
1953:07,19.8,19.0,,91.0
1953:08,19.7,19.0,,90.6
1953:09,19.3,18.6,,88.3
1953:10,19.1,18.4,,87.2
1953:11,18.7,17.9,,84.7
1953:12,18.2,17.5,,82.3
1954:01,18.1,17.3,,81.3
1954:02,18.1,17.3,,80.8
1954:03,18.0,17.2,,80.2
1954:04,17.9,17.1,,79.4
1954:05,18.0,17.2,,79.8
1954:06,18.1,17.3,,79.9
1954:07,18.1,17.2,,79.4
1954:08,18.1,17.1,,78.8
1954:09,18.1,17.3,,79.2
1954:10,18.3,17.4,,79.7
1954:11,18.6,17.8,,80.9
1954:12,18.9,18.0,,81.8
1955:01,19.3,18.4,,83.5
1955:02,19.5,18.7,,84.1
1955:03,20.0,19.1,,85.8
1955:04,20.2,19.4,,86.7
1955:05,20.6,19.7,,87.9
1955:06,20.6,19.7,,87.6
1955:07,20.8,19.8,,87.7
1955:08,20.7,19.8,,87.3
1955:09,20.9,19.9,,87.5
1955:10,21.2,20.2,,88.4
1955:11,21.3,20.2,,88.3
1955:12,21.4,20.5,,89.0
1956:01,21.5,20.4,,88.2
1956:02,21.3,20.3,,87.4
1956:03,21.3,20.3,,87.0
1956:04,21.5,20.5,,87.8
1956:05,21.3,20.3,,86.3
1956:06,21.1,20.1,,85.3
1956:07,20.4,19.3,,81.5
1956:08,21.3,20.2,,84.9
1956:09,21.8,20.5,,86.0
1956:10,21.9,20.7,,86.5
1956:11,21.8,20.7,,85.8
1956:12,22.1,21.0,,86.8
1957:01,22.0,20.9,,86.2
1957:02,22.2,21.2,,87.0
1957:03,22.2,21.1,,86.4
1957:04,21.9,20.8,,85.0
1957:05,21.8,20.7,,84.2
1957:06,21.9,20.9,,84.6
1957:07,22.0,20.9,,84.3
1957:08,22.0,20.9,,84.2
1957:09,21.8,20.7,,83.2
1957:10,21.5,20.3,,81.4
1957:11,21.0,19.9,,79.4
1957:12,20.6,19.5,,77.5
1958:01,20.2,19.1,,75.7
1958:02,19.8,18.6,,73.8
1958:03,19.5,18.4,,72.7
1958:04,19.2,18.1,,71.3
1958:05,19.4,18.3,,71.9
1958:06,19.9,18.9,,73.9
1958:07,20.2,19.0,,74.3
1958:08,20.6,19.4,,75.7
1958:09,20.8,19.6,,76.2
1958:10,21.0,19.7,,76.4
1958:11,21.6,20.5,,79.1
1958:12,21.7,20.5,,79.0
1959:01,22.0,20.9,,80.2
1959:02,22.4,21.3,,81.4
1959:03,22.8,21.6,,82.5
1959:04,23.2,22.1,,84.0
1959:05,23.6,22.4,,84.9
1959:06,23.6,22.4,,84.8
1959:07,23.0,22.0,,83.0
1959:08,22.3,21.1,,79.5
1959:09,22.2,21.1,,79.0
1959:10,22.1,20.9,,78.2
1959:11,22.2,21.0,,78.5
1959:12,23.6,22.5,,83.6
1960:01,24.2,23.1,,85.6
1960:02,24.0,22.9,,84.6
1960:03,23.8,22.6,,83.2
1960:04,23.6,22.4,,82.3
1960:05,23.6,22.3,,81.5
1960:06,23.3,22.1,,80.2
1960:07,23.2,22.0,,79.7
1960:08,23.2,21.9,,79.1
1960:09,22.9,21.7,,77.9
1960:10,22.9,21.6,,77.5
1960:11,22.6,21.2,,75.8
1960:12,22.1,20.9,,74.3
1961:01,22.2,20.9,,74.1
1961:02,22.1,20.8,,73.5
1961:03,22.3,21.0,,73.9
1961:04,22.7,21.4,,75.4
1961:05,23.1,21.8,,76.4
1961:06,23.4,22.1,,77.3
1961:07,23.7,22.4,,78.1
1961:08,23.9,22.7,,79.0
1961:09,23.9,22.5,,78.2
1961:10,24.3,23.0,,79.6
1961:11,24.7,23.4,,80.8
1961:12,24.9,23.7,,81.6
1962:01,24.7,23.4,,80.2
1962:02,25.1,23.8,,81.4
1962:03,25.2,24.0,,81.9
1962:04,25.3,24.0,,81.7
1962:05,25.3,23.9,,81.3
1962:06,25.2,23.9,,80.9
1962:07,25.4,24.1,,81.5
1962:08,25.5,24.2,,81.4
1962:09,25.6,24.4,,81.8
1962:10,25.7,24.3,,81.4
1962:11,25.8,24.5,,81.8
1962:12,25.8,24.5,,81.7
1963:01,26.0,24.7,,81.9
1963:02,26.3,24.9,,82.4
1963:03,26.4,25.0,,82.6
1963:04,26.7,25.4,,83.5
1963:05,27.0,25.6,,84.0
1963:06,27.1,25.7,,83.9
1963:07,27.0,25.6,,83.3
1963:08,27.0,25.7,,83.5
1963:09,27.3,25.9,,83.8
1963:10,27.5,26.1,,84.3
1963:11,27.6,26.2,,84.3
1963:12,27.5,26.2,,84.0
1964:01,27.8,26.4,,84.5
1964:02,28.0,26.6,,84.7
1964:03,28.0,26.6,,84.4
1964:04,28.4,27.1,,85.6
1964:05,28.6,27.2,,85.6
1964:06,28.7,27.2,,85.4
1964:07,28.9,27.5,,85.9
1964:08,29.1,27.6,,86.1
1964:09,29.2,27.8,,86.2
1964:10,28.8,27.3,,84.6
1964:11,29.6,28.2,,86.8
1964:12,30.0,28.7,,88.0
1965:01,30.3,29.0,,88.6
1965:02,30.5,29.2,,88.7
1965:03,30.9,29.6,,89.3
1965:04,31.0,29.7,,89.3
1965:05,31.3,30.0,,89.4
1965:06,31.5,30.1,,89.5
1965:07,31.8,30.6,,90.3
1965:08,32.0,30.6,,89.9
1965:09,32.0,30.7,,89.6
1965:10,32.4,31.0,,89.8
1965:11,32.5,31.1,,89.6
1965:12,32.9,31.6,,90.5
1966:01,33.2,31.9,,90.9
1966:02,33.4,32.1,,90.9
1966:03,33.9,32.5,,91.6
1966:04,34.0,32.7,,91.5
1966:05,34.3,32.9,,91.6
1966:06,34.4,33.1,,91.5
1966:07,34.6,33.2,,91.4
1966:08,34.7,33.3,,91.1
1966:09,35.0,33.6,,91.2
1966:10,35.2,33.9,,91.6
1966:11,35.0,33.5,,90.1
1966:12,35.1,33.7,,90.0
1967:01,35.2,33.8,89.4,89.8
1967:02,34.8,33.4,88.0,88.4
1967:03,34.6,33.2,87.1,87.5
1967:04,35.0,33.5,87.5,87.7
1967:05,34.7,33.2,86.4,86.6
1967:06,34.6,33.2,86.0,86.1
1967:07,34.6,33.0,85.4,85.3
1967:08,35.2,33.7,86.6,86.5
1967:09,35.2,33.7,86.1,86.1
1967:10,35.5,33.9,86.4,86.4
1967:11,36.0,34.6,87.3,87.5
1967:12,36.4,34.9,87.8,88.0
1968:01,36.3,34.8,87.4,87.4
1968:02,36.4,35.0,87.4,87.4
1968:03,36.6,35.0,87.3,87.2
1968:04,36.6,35.1,87.1,86.9
1968:05,37.0,35.5,87.7,87.6
1968:06,37.2,35.6,87.7,87.4
1968:07,37.1,35.5,87.2,86.8
1968:08,37.2,35.7,87.1,86.8
1968:09,37.3,35.7,87.1,86.5
1968:10,37.4,35.9,86.9,86.7
1968:11,37.9,36.4,87.7,87.5
1968:12,38.0,36.4,87.7,87.2
1969:01,38.3,36.6,87.9,87.3
1969:02,38.5,36.9,88.1,87.7
1969:03,38.8,37.2,88.5,88.0
1969:04,38.7,37.1,87.9,87.3
1969:05,38.5,36.9,87.2,86.6
1969:06,38.9,37.1,87.7,86.8
1969:07,39.1,37.4,87.9,87.1
1969:08,39.2,37.5,87.8,86.9
1969:09,39.2,37.4,87.5,86.5
1969:10,39.2,37.4,87.2,86.3
1969:11,38.8,37.1,86.1,85.0
1969:12,38.7,36.9,85.5,84.3
1970:01,38.0,36.0,83.7,82.2
1970:02,38.0,36.1,83.4,82.0
1970:03,37.9,36.0,83.0,81.5
1970:04,37.8,35.8,82.5,80.9
1970:05,37.8,35.8,82.2,80.5
1970:06,37.7,35.7,81.7,80.0
1970:07,37.7,35.8,81.6,80.0
1970:08,37.7,35.5,81.2,79.2
1970:09,37.4,35.2,80.4,78.3
1970:10,36.7,34.4,78.6,76.3
1970:11,36.5,34.2,77.8,75.6
1970:12,37.3,35.1,79.4,77.4
1971:01,37.6,35.4,79.8,77.8
1971:02,37.5,35.4,79.4,77.6
1971:03,37.5,35.4,79.1,77.3
1971:04,37.7,35.6,79.4,77.5
1971:05,37.9,35.8,79.6,77.8
1971:06,38.0,35.9,79.7,77.8
1971:07,37.9,35.9,79.3,77.8
1971:08,37.7,35.5,78.6,76.6
1971:09,38.3,36.2,79.7,78.0
1971:10,38.6,36.8,80.1,79.0
1971:11,38.8,36.9,80.2,79.0
1971:12,39.2,37.3,81.0,79.6
1972:01,40.1,38.2,82.7,81.4
1972:02,40.5,38.5,83.3,81.9
1972:03,40.8,38.8,83.7,82.2
1972:04,41.2,39.2,84.3,82.9
1972:05,41.2,39.3,84.1,82.8
1972:06,41.3,39.4,84.1,82.9
1972:07,41.3,39.4,83.8,82.6
1972:08,41.9,39.9,84.8,83.5
1972:09,42.2,40.3,85.2,84.0
1972:10,42.7,40.8,86.0,84.9
1972:11,43.3,41.3,86.8,85.7
1972:12,43.7,41.9,87.5,86.6
1973:01,44.1,42.2,87.8,87.0
1973:02,44.7,42.9,88.8,88.1
1973:03,44.7,43.0,88.5,88.0
1973:04,44.6,42.9,88.1,87.5
1973:05,44.9,43.2,88.4,87.8
1973:06,45.0,43.2,88.2,87.5
1973:07,45.2,43.3,88.2,87.6
1973:08,45.1,43.2,87.8,87.1
1973:09,45.5,43.6,88.2,87.4
1973:10,45.8,44.0,88.7,88.0
1973:11,46.1,44.3,88.8,88.3
1973:12,45.9,44.3,88.2,88.1
1974:01,45.6,44.0,87.4,87.1
1974:02,45.5,43.8,86.8,86.5
1974:03,45.5,43.8,86.6,86.1
1974:04,45.3,43.6,86.1,85.5
1974:05,45.7,43.9,86.6,85.9
1974:06,45.6,43.9,86.2,85.7
1974:07,45.7,43.9,86.2,85.4
1974:08,45.2,43.5,85.1,84.4
1974:09,45.2,43.5,84.9,84.2
1974:10,45.1,43.3,84.5,83.5
1974:11,43.6,42.0,81.6,80.8
1974:12,42.1,40.1,78.5,77.0
1975:01,41.5,39.2,77.2,75.3
1975:02,40.5,38.1,75.3,73.1
1975:03,40.1,37.6,74.4,71.9
1975:04,40.2,37.6,74.4,71.9
1975:05,40.0,37.6,74.1,71.6
1975:06,40.3,37.9,74.4,72.1
1975:07,40.7,38.4,75.1,73.0
1975:08,41.1,38.8,75.7,73.6
1975:09,41.6,39.5,76.6,74.7
1975:10,41.8,39.7,76.8,75.0
1975:11,41.9,39.7,76.7,75.0
1975:12,42.4,40.3,77.6,75.9
1976:01,43.0,40.8,78.5,76.6
1976:02,43.4,41.4,79.1,77.6
1976:03,43.5,41.5,79.1,77.7
1976:04,43.7,41.7,79.3,77.9
1976:05,43.9,41.9,79.5,78.1
1976:06,44.0,42.0,79.4,78.0
1976:07,44.2,42.3,79.7,78.4
1976:08,44.5,42.6,80.0,78.7
1976:09,44.7,42.7,80.1,78.8
1976:10,44.7,42.6,79.9,78.5
1976:11,45.3,43.2,80.9,79.3
1976:12,45.8,43.7,81.6,79.9
1977:01,45.5,43.5,80.8,79.4
1977:02,46.2,44.3,81.9,80.7
1977:03,46.8,45.0,82.7,81.6
1977:04,47.3,45.4,83.3,82.3
1977:05,47.6,45.8,83.8,82.7
1977:06,48.0,46.2,84.2,83.2
1977:07,48.1,46.2,84.1,83.0
1977:08,48.1,46.5,83.9,83.2
1977:09,48.3,46.5,84.0,83.0
1977:10,48.4,46.6,83.9,82.9
1977:11,48.5,46.7,83.8,82.9
1977:12,48.6,47.2,83.8,83.6
1978:01,47.8,46.5,82.3,82.1
1978:02,48.1,46.7,82.5,82.2
1978:03,49.0,47.5,83.9,83.4
1978:04,50.0,48.2,85.3,84.4
1978:05,50.3,48.5,85.5,84.6
1978:06,50.6,48.8,85.8,84.9
1978:07,50.5,48.8,85.5,84.6
1978:08,50.7,49.0,85.6,84.8
1978:09,50.9,49.2,85.6,84.9
1978:10,51.3,49.6,86.0,85.2
1978:11,51.7,50.0,86.5,85.7
1978:12,51.9,50.4,86.6,86.1
1979:01,51.6,50.0,86.0,85.2
1979:02,51.9,50.2,86.1,85.2
1979:03,52.0,50.4,86.2,85.4
1979:04,51.4,49.6,84.9,83.7
1979:05,51.9,50.3,85.5,84.6
1979:06,51.9,50.4,85.3,84.5
1979:07,51.8,50.4,84.9,84.4
1979:08,51.5,49.8,84.2,83.1
1979:09,51.5,49.8,84.0,82.9
1979:10,51.8,50.1,84.4,83.2
1979:11,51.8,49.9,84.1,82.8
1979:12,51.8,50.1,84.0,82.8
1980:01,52.1,50.3,84.3,83.0
1980:02,52.1,50.3,84.1,82.8
1980:03,51.9,49.9,83.7,81.9
1980:04,50.8,48.8,81.8,80.1
1980:05,49.6,47.4,79.7,77.5
1980:06,48.9,46.7,78.5,76.1
1980:07,48.6,46.2,77.8,75.2
1980:08,48.8,46.5,77.9,75.6
1980:09,49.6,47.3,79.0,76.6
1980:10,50.2,48.1,79.9,77.8
1980:11,51.0,49.0,81.0,79.0
1980:12,51.4,49.2,81.4,79.1
1981:01,51.0,49.0,80.7,78.5
1981:02,50.8,48.7,80.1,77.9
1981:03,51.1,48.9,80.3,77.9
1981:04,50.9,49.1,79.8,78.1
1981:05,51.1,49.4,80.0,78.3
1981:06,51.4,49.1,80.3,77.7
1981:07,51.7,49.2,80.6,77.6
1981:08,51.7,49.2,80.3,77.4
1981:09,51.4,49.0,79.7,76.9
1981:10,51.0,48.5,78.9,76.0
1981:11,50.4,47.9,77.8,74.8
1981:12,49.9,47.1,76.8,73.4
1982:01,48.9,46.0,75.0,71.4
1982:02,49.9,47.3,76.4,73.3
1982:03,49.5,46.9,75.7,72.6
1982:04,49.1,46.6,74.9,71.9
1982:05,48.7,46.5,74.3,71.7
1982:06,48.6,46.4,74.0,71.5
1982:07,48.5,46.4,73.6,71.3
1982:08,48.0,46.0,72.9,70.5
1982:09,47.9,45.9,72.6,70.3
1982:10,47.4,45.3,71.8,69.4
1982:11,47.3,45.1,71.5,68.9
1982:12,46.9,44.9,71.0,68.7
1983:01,47.8,46.0,72.3,70.2
1983:02,47.5,46.0,71.8,70.1
1983:03,47.9,46.4,72.4,70.7
1983:04,48.5,46.9,73.3,71.6
1983:05,48.8,47.5,73.7,72.4
1983:06,49.1,47.9,74.1,72.9
1983:07,49.9,48.5,75.2,73.9
1983:08,50.4,49.0,76.0,74.5
1983:09,51.2,49.9,77.1,75.8
1983:10,51.6,50.4,77.6,76.6
1983:11,51.8,50.6,77.9,76.9
1983:12,52.1,50.8,78.2,77.0
1984:01,53.1,51.7,79.7,78.3
1984:02,53.3,52.2,80.0,79.0
1984:03,53.6,52.5,80.2,79.3
1984:04,53.9,52.7,80.6,79.5
1984:05,54.2,52.9,80.9,79.6
1984:06,54.4,53.2,81.0,79.8
1984:07,54.6,53.4,81.1,79.9
1984:08,54.6,53.5,81.0,79.8
1984:09,54.4,53.3,80.6,79.3
1984:10,54.4,53.6,80.4,79.6
1984:11,54.6,53.7,80.5,79.5
1984:12,54.6,53.9,80.3,79.5
1985:01,54.6,53.8,80.1,79.1
1985:02,54.8,53.5,80.1,78.5
1985:03,54.9,54.0,80.0,78.9
1985:04,54.7,53.8,79.6,78.4
1985:05,54.8,53.9,79.5,78.3
1985:06,54.8,53.9,79.3,78.1
1985:07,54.5,53.7,78.7,77.7
1985:08,54.7,53.9,78.8,77.8
1985:09,54.9,54.0,78.9,77.7
1985:10,54.7,53.9,78.5,77.4
1985:11,54.9,54.2,78.6,77.8
1985:12,55.4,54.4,79.3,77.9
1986:01,55.7,55.0,79.6,78.8
1986:02,55.4,54.7,78.9,78.3
1986:03,55.0,54.5,78.3,77.9
1986:04,55.0,54.8,78.3,78.3
1986:05,55.1,54.9,78.3,78.3
1986:06,54.9,54.6,77.9,77.9
1986:07,55.3,54.9,78.4,78.3
1986:08,55.2,55.1,78.1,78.3
1986:09,55.3,55.2,78.2,78.4
1986:10,55.5,55.4,78.5,78.6
1986:11,55.8,55.6,78.7,78.8
1986:12,56.3,56.2,79.3,79.4
1987:01,56.1,56.0,78.9,78.9
1987:02,56.8,56.8,79.8,79.9
1987:03,56.9,56.8,79.8,79.7
1987:04,57.3,57.2,80.1,80.0
1987:05,57.6,57.6,80.5,80.3
1987:06,57.9,57.8,80.7,80.4
1987:07,58.3,58.3,81.1,80.8
1987:08,58.8,58.6,81.6,81.1
1987:09,59.0,59.0,81.8,81.5
1987:10,59.8,59.8,82.7,82.5
1987:11,60.1,60.1,83.0,82.8
1987:12,60.4,60.5,83.4,83.2
1988:01,60.4,60.4,83.3,82.9
1988:02,60.7,60.6,83.6,83.1
1988:03,60.9,60.8,83.8,83.3
1988:04,61.2,61.3,84.2,84.0
1988:05,61.1,61.1,84.0,83.7
1988:06,61.3,61.3,84.2,83.9
1988:07,61.3,61.2,84.2,83.8
1988:08,61.6,61.3,84.6,83.9
1988:09,61.4,61.5,84.3,84.1
1988:10,61.6,61.8,84.6,84.4
1988:11,61.8,62.0,84.7,84.7
1988:12,62.1,62.3,85.0,85.0
1989:01,62.3,62.8,85.2,85.5
1989:02,62.0,62.2,84.7,84.6
1989:03,62.1,62.1,84.8,84.4
1989:04,62.1,62.2,84.6,84.3
1989:05,61.8,61.7,84.0,83.5
1989:06,61.8,61.8,83.8,83.4
1989:07,61.2,61.1,82.8,82.3
1989:08,61.8,61.6,83.5,82.8
1989:09,61.6,61.5,83.0,82.4
1989:10,61.5,61.4,82.7,82.0
1989:11,61.7,61.5,82.8,82.0
1989:12,62.0,61.5,83.0,81.8
1990:01,61.7,61.5,82.4,81.5
1990:02,62.3,62.3,83.0,82.4
1990:03,62.6,62.6,83.2,82.6
1990:04,62.4,62.4,82.8,82.0
1990:05,62.6,62.6,82.9,82.1
1990:06,62.8,62.8,83.0,82.2
1990:07,62.7,62.6,82.7,81.8
1990:08,62.9,62.8,82.9,81.9
1990:09,63.0,62.7,82.7,81.6
1990:10,62.6,62.3,82.1,81.0
1990:11,61.8,61.6,81.0,79.9
1990:12,61.3,61.1,80.3,79.1
1991:01,61.1,60.7,80.0,78.5
1991:02,60.7,60.2,79.3,77.9
1991:03,60.3,59.8,78.8,77.2
1991:04,60.5,60.0,78.9,77.5
1991:05,61.1,60.4,79.6,77.9
1991:06,61.6,61.0,80.2,78.6
1991:07,61.7,61.3,80.3,78.9
1991:08,61.7,61.4,80.2,78.9
1991:09,62.2,62.0,80.8,79.6
1991:10,62.2,61.9,80.6,79.5
1991:11,62.1,61.8,80.4,79.1
1991:12,61.8,61.6,79.9,78.8
1992:01,61.5,61.3,79.3,78.2
1992:02,61.9,61.8,79.7,78.7
1992:03,62.4,62.4,80.2,79.3
1992:04,62.9,62.8,80.7,79.6
1992:05,63.1,63.1,80.8,79.8
1992:06,63.1,63.3,80.6,79.9
1992:07,63.7,63.9,81.2,80.4
1992:08,63.4,63.6,80.5,79.8
1992:09,63.6,63.7,80.6,79.7
1992:10,64.0,64.1,81.0,79.9
1992:11,64.2,64.3,81.2,80.0
1992:12,64.4,64.3,81.2,79.9
1993:01,64.6,64.9,81.3,80.4
1993:02,64.9,65.1,81.6,80.5
1993:03,64.9,65.0,81.4,80.2
1993:04,65.0,65.3,81.5,80.5
1993:05,64.8,65.2,81.1,80.3
1993:06,64.9,65.1,81.2,80.1
1993:07,65.1,65.3,81.3,80.1
1993:08,65.0,65.1,81.0,79.8
1993:09,65.4,65.6,81.3,80.2
1993:10,65.9,66.1,81.8,80.8
1993:11,66.2,66.4,82.0,81.0
1993:12,66.5,66.8,82.3,81.3
1994:01,66.7,66.9,82.4,81.2
1994:02,66.8,67.0,82.2,81.1
1994:03,67.5,67.9,82.9,81.9
1994:04,67.9,68.5,83.1,82.4
1994:05,68.2,68.9,83.3,82.6
1994:06,68.6,69.1,83.6,82.6
1994:07,68.7,69.3,83.4,82.6
1994:08,69.2,69.9,83.7,83.1
1994:09,69.4,70.2,83.7,83.1
1994:10,70.0,70.9,84.1,83.6
1994:11,70.4,71.5,84.4,84.0
1994:12,71.2,72.3,85.0,84.6
1995:01,71.3,72.4,84.8,84.4
1995:02,71.2,72.2,84.5,83.9
1995:03,71.3,72.4,84.3,83.8
1995:04,71.2,72.2,83.9,83.2
1995:05,71.5,72.5,84.0,83.2
1995:06,71.8,72.8,84.0,83.2
1995:07,71.5,72.3,83.3,82.3
1995:08,72.4,73.2,84.1,82.9
1995:09,72.7,73.8,84.1,83.3
1995:10,72.6,73.7,83.6,82.7
1995:11,72.8,73.8,83.4,82.4
1995:12,73.0,74.0,83.4,82.3
1996:01,72.6,73.5,82.5,81.3
1996:02,73.7,74.6,83.3,82.0
1996:03,73.6,74.5,82.9,81.4
1996:04,74.3,75.4,83.3,81.9
1996:05,74.9,76.0,83.5,82.1
1996:06,75.4,76.7,83.8,82.5
1996:07,75.5,77.0,83.4,82.4
1996:08,75.8,77.4,83.4,82.3
1996:09,76.3,78.0,83.6,82.5
1996:10,76.3,77.9,83.2,82.0
1996:11,77.0,78.7,83.6,82.3
1996:12,77.5,79.3,83.7,82.6
1997:01,77.7,79.4,83.4,82.2
1997:02,78.6,80.6,84.0,82.9
1997:03,79.1,81.3,84.1,83.2
1997:04,79.2,81.3,83.8,82.7
1997:05,79.6,81.9,83.8,82.8
1997:06,80.0,82.4,83.7,82.8
1997:07,80.7,83.0,84.0,82.9
1997:08,81.5,84.0,84.3,83.3
1997:09,82.2,84.8,84.6,83.5
1997:10,82.9,85.6,84.8,83.7
1997:11,83.6,86.4,84.9,83.9
1997:12,84.0,86.8,84.7,83.7
1998:01,84.3,87.5,84.5,83.6
1998:02,84.5,87.6,84.1,83.2
1998:03,84.5,87.5,83.5,82.4
1998:04,84.8,87.9,83.3,82.2
1998:05,85.3,88.4,83.3,82.0
1998:06,84.8,87.7,82.3,80.9
1998:07,84.5,87.3,81.5,80.0
1998:08,86.2,89.5,82.8,81.5
1998:09,86.2,89.4,82.3,81.0
1998:10,86.8,90.2,82.5,81.2
1998:11,86.7,90.3,82.0,80.9
1998:12,87.1,90.9,82.0,81.0
1999:01,87.5,91.2,82.0,80.8
1999:02,88.0,92.0,82.2,81.2
1999:03,88.2,92.0,82.0,80.8
1999:04,88.4,92.3,81.9,80.7
1999:05,89.0,93.1,82.1,81.0
1999:06,88.9,92.8,81.8,80.5
1999:07,89.4,93.2,81.9,80.5
1999:08,89.8,93.8,82.0,80.6
1999:09,89.4,93.4,81.4,80.0
1999:10,90.5,94.7,82.1,80.8
1999:11,91.0,95.3,82.2,81.0
1999:12,91.7,95.9,82.6,81.2
2000:01,91.5,95.9,82.2,80.8
2000:02,91.8,96.1,82.2,80.7
2000:03,92.2,96.6,82.2,80.9
2000:04,92.7,97.2,82.4,81.0
2000:05,92.9,97.2,82.4,80.7
2000:06,93.0,97.3,82.2,80.5
2000:07,92.8,97.4,81.8,80.3
2000:08,92.6,96.8,81.3,79.5
2000:09,93.0,97.3,81.4,79.6
2000:10,92.6,96.9,80.8,78.9
2000:11,92.6,96.6,80.6,78.4
2000:12,92.3,96.0,80.1,77.7
2001:01,91.9,95.7,79.4,77.1
2001:02,91.3,95.0,78.7,76.3
2001:03,91.1,94.9,78.2,75.9
2001:04,90.8,94.5,77.7,75.4
2001:05,90.4,94.0,77.1,74.7
2001:06,89.9,93.5,76.5,74.1
2001:07,89.3,93.0,75.8,73.5
2001:08,89.2,92.6,75.5,73.0
2001:09,88.7,92.2,74.9,72.6
2001:10,88.5,91.8,74.5,72.2
2001:11,88.0,91.5,73.9,71.8
2001:12,87.9,91.7,73.8,71.8
2002:01,88.5,92.2,74.1,72.2
2002:02,88.5,92.2,74.0,72.1
2002:03,89.2,92.8,74.5,72.5
2002:04,89.6,93.1,74.7,72.7
2002:05,90.0,93.6,75.0,73.0
2002:06,90.7,94.5,75.6,73.7
2002:07,90.7,94.4,75.5,73.6
2002:08,90.6,94.5,75.4,73.7
2002:09,90.7,94.5,75.5,73.7
2002:10,90.5,94.3,75.4,73.5
2002:11,91.0,94.8,75.8,73.9
2002:12,90.5,94.2,75.4,73.5
2003:01,91.2,95.0,76.1,74.1
2003:02,91.3,94.9,76.2,74.0
2003:03,91.1,95.0,76.0,74.1
2003:04,90.6,94.3,75.6,73.6
2003:05,90.5,94.3,75.6,73.6
2003:06,90.7,94.8,75.7,74.0
2003:07,91.1,95.1,76.1,74.2
2003:08,90.9,94.6,76.0,73.9
2003:09,91.5,95.4,76.5,74.5
2003:10,91.6,95.5,76.6,74.6
2003:11,92.2,96.3,77.1,75.3
2003:12,92.3,96.2,77.1,75.3
2004:01,92.4,96.1,77.3,75.2
2004:02,93.0,96.8,77.8,75.8
2004:03,92.6,96.8,77.5,75.8
2004:04,92.9,97.1,77.8,76.1
2004:05,93.6,97.8,78.4,76.6
2004:06,92.9,97.1,77.8,76.1
2004:07,93.6,98.0,78.4,76.8
2004:08,93.6,98.4,78.4,77.1
2004:09,93.7,98.4,78.5,77.1
2004:10,94.5,99.3,79.2,77.8
2004:11,94.8,99.3,79.3,77.7
2004:12,95.5,100.1,79.9,78.2
2005:01,95.9,100.7,80.1,78.6
2005:02,96.6,101.6,80.7,79.2
2005:03,96.4,101.1,80.5,78.7
2005:04,96.7,101.6,80.5,78.9
2005:05,96.7,101.8,80.5,78.9
2005:06,97.2,102.1,80.8,78.9
2005:07,96.9,101.7,80.4,78.5
2005:08,97.2,102.2,80.5,78.7
2005:09,95.3,101.1,78.8,77.7
2005:10,96.5,102.6,79.7,78.6
2005:11,97.5,103.5,80.4,79.2
2005:12,98.0,103.6,80.7,79.1
2006:01,98.2,104.4,80.7,79.6
2006:02,98.2,104.2,80.6,79.2
2006:03,98.5,104.2,80.7,79.1
2006:04,98.8,104.5,80.8,79.2
2006:05,98.8,104.3,80.7,78.9
2006:06,99.1,104.6,80.8,78.9
2006:07,99.0,104.2,80.6,78.5
2006:08,99.5,105.0,80.8,79.0
2006:09,99.3,105.1,80.4,78.9
2006:10,99.2,104.6,80.2,78.3
2006:11,99.2,104.7,80.0,78.3
2006:12,100.2,106.2,80.6,79.2
2007:01,99.8,105.9,80.1,78.8
2007:02,100.8,106.2,80.7,78.8
2007:03,101.0,107.1,80.7,79.3
2007:04,101.6,107.7,81.1,79.6
2007:05,101.7,107.7,81.0,79.4
2007:06,101.8,108.1,80.9,79.5
2007:07,101.7,108.1,80.7,79.3
2007:08,101.9,107.8,80.8,78.9
2007:09,102.1,108.1,80.9,79.0
2007:10,101.8,107.9,80.7,78.7
2007:11,102.3,108.4,81.1,79.0
2007:12,102.4,108.6,81.1,79.0
2008:01,102.2,108.3,81.1,78.8
2008:02,101.8,107.6,80.8,78.2
2008:03,101.5,107.1,80.5,77.8
2008:04,100.9,106.1,80.0,77.1
2008:05,100.3,105.4,79.6,76.6
2008:06,100.0,104.7,79.4,76.1
2008:07,99.7,103.7,79.0,75.4
2008:08,98.1,102.4,77.7,74.5
2008:09,93.8,98.9,74.2,72.0
2008:10,94.7,98.2,74.9,71.6
2008:11,93.5,95.8,73.8,69.9
2008:12,90.8,92.5,71.6,67.7
2009:01,88.6,89.5,69.7,65.6
2009:02,88.0,89.4,69.2,65.6
2009:03,86.7,87.8,68.1,64.5
2009:04,85.9,87.2,67.5,64.1
2009:05,85.1,86.2,66.8,63.5
2009:06,84.7,86.0,66.5,63.4
2009:07,85.7,87.3,67.3,64.5
2009:08,86.6,88.2,68.1,65.3
2009:09,87.4,89.2,68.8,66.1
2009:10,87.6,89.3,69.0,66.3
2009:11,88.0,90.2,69.4,67.1
2009:12,88.4,90.1,69.9,67.1
2010:01,89.3,91.1,70.8,67.9
2010:02,89.7,91.0,71.2,68.0
2010:03,90.3,92.2,71.8,69.0
2010:04,90.6,92.9,72.2,69.6
2010:05,91.8,94.0,73.3,70.6
2010:06,92.0,94.0,73.6,70.7
2010:07,92.3,94.5,74.0,71.2
2010:08,92.7,94.6,74.4,71.4
2010:09,93.0,94.7,74.7,71.5
2010:10,92.7,94.7,74.6,71.7
2010:11,92.8,94.9,74.7,71.9
2010:12,93.7,95.3,75.5,72.3
2011:01,93.5,95.4,75.4,72.4
2011:02,93.1,95.5,75.1,72.6
2011:03,94.1,96.1,75.9,73.1
2011:04,93.8,95.6,75.6,72.8
2011:05,93.9,95.6,75.7,72.8
2011:06,94.2,95.7,75.8,72.9
2011:07,94.6,96.3,76.1,73.3
2011:08,95.3,96.8,76.6,73.7
2011:09,95.2,97.0,76.4,73.8
2011:10,95.9,97.5,76.8,74.2
2011:11,95.8,97.3,76.7,74.0
2011:12,96.4,98.0,76.9,74.4
2012:01,96.9,98.8,77.3,74.9
2012:02,97.2,99.2,77.4,75.2
2012:03,96.7,98.7,76.8,74.7
2012:04,97.4,99.2,77.2,74.9
2012:05,97.7,98.9,77.3,74.6
2012:06,97.7,99.1,77.1,74.8
2012:07,97.9,98.9,77.1,74.5
2012:08,97.5,98.8,76.7,74.3
2012:09,97.4,98.5,76.5,74.1
2012:10,97.7,98.4,76.6,73.9
2012:11,98.1,99.0,76.8,74.3
2012:12,98.3,99.6,76.8,74.8
2013:01,98.3,99.4,76.8,74.6
2013:02,98.8,99.8,77.0,74.9
2013:03,99.2,99.7,77.2,74.8
2013:04,99.1,99.4,77.1,74.5
2013:05,99.2,99.7,77.0,74.8
2013:06,99.4,99.9,77.1,75.0
2013:07,99.1,99.2,76.8,74.4
2013:08,99.7,100.0,77.2,75.1
2013:09,100.2,100.1,77.5,75.1
2013:10,100.1,100.2,77.4,75.3
2013:11,100.3,100.2,77.5,75.3
2013:12,100.5,100.0,77.6,75.2
2014:01,100.2,99.0,77.3,74.5
2014:02,100.9,99.9,77.8,75.2
2014:03,101.9,100.8,78.5,75.9
2014:04,102.0,100.8,78.5,76.0
2014:05,102.4,101.0,78.7,76.2
2014:06,102.7,101.4,78.9,76.6
2014:07,103.0,101.8,79.0,77.0
2014:08,102.8,101.2,78.8,76.6
2014:09,103.1,101.2,78.9,76.7
2014:10,103.1,101.0,78.9,76.7
2014:11,103.7,101.7,79.3,77.3
2014:12,103.7,101.5,79.2,77.2
2015:01,102.9,100.9,78.6,76.8
2015:02,102.2,100.1,78.1,76.4
2015:03,101.9,100.5,77.8,76.7
2015:04,101.3,100.5,77.3,76.8
2015:05,100.9,100.5,77.0,76.9
2015:06,100.6,100.2,76.8,76.7
2015:07,101.2,100.9,77.3,77.3
2015:08,101.0,100.6,77.2,77.1
2015:09,100.8,100.3,77.0,76.9
2015:10,100.3,100.2,76.6,76.8
2015:11,99.5,99.9,76.1,76.6
2015:12,99.0,99.6,75.7,76.4
2016:01,99.6,100.0,76.1,76.7
2016:02,99.0,99.7,75.7,76.4
2016:03,98.3,99.6,75.2,76.3
2016:04,98.6,99.5,75.4,76.2
2016:05,98.4,99.4,75.2,76.1
2016:06,98.9,99.7,75.5,76.2
2016:07,99.0,99.7,75.6,76.3
2016:08,98.9,99.3,75.4,75.9
2016:09,98.7,99.5,75.3,76.0
2016:10,98.8,99.5,75.3,76.1
2016:11,98.3,99.4,74.9,76.0
2016:12,99.0,99.4,75.4,76.1
2017:01,98.8,99.6,75.2,76.2
2017:02,98.4,99.5,74.9,76.2
2017:03,99.0,99.1,75.4,76.0
2017:04,100.0,100.3,76.2,77.0
2017:05,100.1,100.1,76.4,77.0
2017:06,100.3,100.2,76.6,77.1
2017:07,100.1,99.8,76.5,76.9
2017:08,99.7,99.7,76.2,76.9
2017:09,99.8,99.7,76.4,77.0
2017:10,101.0,100.7,77.4,77.9
2017:11,101.3,100.8,77.6,78.0
2017:12,101.5,100.5,77.9,77.9
2018:01,101.5,100.2,77.9,77.8
2018:02,101.7,101.1,78.2,78.5
2018:03,102.2,101.0,78.6,78.5
2018:04,103.3,101.7,79.5,79.0
2018:05,102.4,100.9,78.8,78.4
2018:06,103.2,101.5,79.4,78.9
2018:07,103.4,101.6,79.5,79.0
2018:08,104.0,101.8,79.9,79.2
2018:09,104.1,101.9,79.9,79.3
2018:10,104.0,101.5,79.8,78.9
2018:11,104.1,101.2,79.8,78.7
2018:12,104.1,101.6,79.7,79.0
2019:01,103.4,100.7,79.1,78.3
2019:02,102.8,100.1,78.6,77.9
2019:03,102.9,99.8,78.5,77.7
2019:04,102.3,99.2,78.0,77.2
2019:05,102.4,99.2,78.0,77.3
2019:06,102.4,99.6,77.9,77.6
2019:07,101.9,98.9,77.5,77.1
2019:08,102.6,99.5,77.9,77.6
2019:09,102.3,98.7,77.6,77.0
2019:10,101.4,97.9,76.9,76.4
2019:11,101.9,98.7,77.3,77.1
2019:12,101.7,98.8,77.0,77.2
2020:01,101.0,98.5,76.5,77.0
2020:02,101.4,98.6,76.8,77.2
2020:03,97.4,94.1,73.8,73.7
2020:04,84.6,79.8,64.1,62.6
2020:05,86.0,83.2,65.2,65.3
2020:06,91.6,89.6,69.5,70.4
2020:07,95.0,92.9,72.2,73.1
2020:08,96.0,94.4,73.0,74.3
2020:09,96.0,94.4,73.1,74.4
2020:10,96.7,95.4,73.9,75.3
2020:11,97.1,95.9,74.3,75.8
2020:12,98.4,96.6,75.4,76.4
2021:01,98.9,97.5,75.9,77.2
2021:02,95.6,93.6,73.6,74.1
2021:03,98.4,96.5,75.8,76.5
2021:04,98.6,96.6,76.1,76.7
2021:05,99.4,97.6,76.9,77.5
2021:06,99.8,97.6,77.3,77.6
2021:07,100.3,98.5,77.8,78.3
2021:08,100.0,98.0,77.7,77.9
2021:09,98.9,96.8,76.9,77.0
2021:10,100.2,98.2,78.0,78.1
2021:11,100.9,98.7,78.6,78.6
2021:12,100.6,98.6,78.4,78.4
2022:01,100.2,97.7,78.1,77.7
2022:02,100.8,98.3,78.6,78.2
2022:03,101.4,98.7,79.0,78.6
2022:04,101.4,98.7,79.0,78.5
2022:05,101.3,98.2,78.9,78.1
2022:06,101.0,97.7,78.6,77.7
2022:07,101.2,97.7,78.7,77.7
2022:08,101.1,97.7,78.5,77.7
2022:09,101.3,97.7,78.6,77.7
2022:10,101.3,97.9,78.5,77.9
2022:11,101.0,97.2,78.2,77.2
2022:12,99.8,95.5,77.1,75.9
2023:01,100.5,97.1,77.6,77.2
2023:02,100.6,97.2,77.6,77.1
2023:03,101.0,96.5,77.8,76.6
2023:04,101.3,97.3,77.9,77.2
2023:05,100.9,97.1,77.5,77.1
2023:06,100.1,96.5,76.8,76.5
2023:07,100.9,96.8,77.4,76.7
2023:08,100.8,96.7,77.3,76.7
2023:09,101.0,96.8,77.3,76.7
2023:10,100.5,96.3,76.9,76.3
2023:11,100.9,96.7,77.1,76.5
2023:12,100.6,96.7,76.9,76.5
2024:01,99.2,95.2,75.8,75.3
2024:02,100.3,96.5,76.5,76.2
2024:03,100.5,96.6,76.6,76.3
2024:04,100.2,96.0,76.4,75.8
2024:05,100.9,96.6,76.8,76.2
2024:06,100.9,96.4,76.8,76.0
2024:07,100.0,95.6,76.0,75.3
2024:08,100.4,96.1,76.3,75.6
2024:09,99.8,95.6,75.7,75.2
2024:10,99.5,94.9,75.4,74.6
2024:11,99.3,95.1,75.2,74.7
2024:12,100.3,95.5,75.9,75.0
2025:01,100.1,95.1,75.6,74.6
2025:02,101.1,96.4,76.3,75.5
2025:03,101.0,96.8,76.1,75.8
2025:04,101.1,96.7,76.1,75.6
2025:05,101.0,96.5,75.9,75.5
2025:06,101.5,96.9,76.2,75.6
2025:07,101.9,97.3,76.4,75.9
2025:08,101.6,97.3,76.1,75.9
2025:09,101.7,97.3,76.0,75.8
2025:10,101.2,96.6,75.6,75.1
2025:11,101.4,96.9,75.6,75.3
2025:12,101.7,96.6,75.8,75.0
2026:01,102.4,97.4,76.3,75.6
2026:02,102.6,97.6,76.3,75.6
