date,gdp,consumption_total,consumption_nondurables,consumption_durables,consumption_services,business_investment,residential_investment,inventory_change,government_total,government_federal,government_state_local,net_exports,exports,imports
1947:Q1,2182.7,1351.4,501.6,39.9,861.6,129.4,147.4,6.2,560.5,278.9,256.9,39.9,93.8,53.9
1947:Q2,2176.9,1373.9,510.2,40.8,874.1,127.4,140.0,-4.3,560.1,276.7,260.4,37.7,92.6,54.9
1947:Q3,2172.4,1378.4,512.5,41.4,872.3,125.0,161.4,-16.9,560.0,273.2,266.4,39.2,87.9,48.7
1947:Q4,2206.5,1378.8,505.8,44.0,867.7,128.5,192.5,-2.8,555.6,267.2,270.5,26.6,77.9,51.3
1948:Q1,2239.7,1385.7,507.5,43.8,877.0,136.0,190.0,14.1,563.9,273.9,269.9,16.5,74.4,57.9
1948:Q2,2276.7,1401.8,512.4,44.1,890.8,131.5,201.0,26.8,583.8,284.9,277.3,7.2,67.4,60.2
1948:Q3,2289.8,1403.9,509.3,44.9,895.5,131.8,194.6,31.3,596.1,291.5,282.0,5.7,69.0,63.3
1948:Q4,2292.4,1415.1,516.0,44.2,904.5,134.8,180.3,24.2,618.1,304.6,288.7,4.3,66.6,62.3
1949:Q1,2260.8,1417.4,518.0,43.4,910.2,128.6,167.0,-2.5,634.5,310.1,300.5,14.1,74.5,60.4
1949:Q2,2253.1,1439.1,519.4,47.2,914.8,123.9,164.2,-21.8,662.2,321.2,317.4,14.4,73.9,59.5
1949:Q3,2276.4,1442.3,514.9,49.4,912.9,118.2,178.3,-4.8,665.7,315.9,330.4,10.6,67.7,57.1
1949:Q4,2257.4,1463.5,523.3,51.4,915.6,116.7,200.0,-21.8,654.1,302.9,336.7,0.6,58.6,58.0
1950:Q1,2346.1,1487.9,530.0,53.4,927.0,120.1,222.3,9.2,642.0,288.5,345.0,-1.9,57.7,59.6
1950:Q2,2417.7,1512.4,536.2,53.8,950.5,130.1,243.7,13.4,653.8,295.8,347.9,-4.5,58.4,62.9
1950:Q3,2511.1,1590.0,545.4,66.6,965.2,140.9,257.0,17.5,643.3,287.3,348.2,-17.7,59.9,77.6
1950:Q4,2559.2,1542.1,533.3,58.3,971.4,140.7,245.0,56.2,688.7,323.0,348.3,-13.0,64.7,77.7
1951:Q1,2594.0,1579.4,543.1,60.2,998.0,137.0,232.3,34.9,762.0,382.8,344.9,-9.7,68.0,77.7
1951:Q2,2638.9,1534.7,535.2,51.5,1004.8,138.7,201.3,50.8,863.6,459.2,350.7,-0.4,74.7,75.1
1951:Q3,2693.3,1552.6,546.4,50.6,1017.3,140.3,188.6,33.5,958.4,533.5,352.5,7.7,76.5,68.8
1951:Q4,2699.2,1561.7,552.8,50.4,1019.9,138.0,190.4,14.4,1009.1,574.3,352.0,8.8,75.8,67.0
1952:Q1,2728.0,1565.3,548.2,50.7,1032.8,139.3,195.4,18.0,1039.0,597.8,352.9,5.0,79.8,74.8
1952:Q2,2733.8,1595.9,561.0,51.7,1048.6,141.5,199.0,-4.4,1074.4,621.4,360.4,-3.4,71.0,74.4
1952:Q3,2753.5,1603.6,570.9,48.7,1062.4,130.5,197.1,20.0,1085.2,636.8,350.7,-13.5,65.4,78.9
1952:Q4,2843.9,1660.2,579.2,57.0,1077.4,142.1,207.7,20.1,1103.3,645.9,358.7,-20.1,65.9,86.0
1953:Q1,2896.8,1679.7,582.8,59.0,1088.0,149.8,211.1,16.2,1138.3,668.9,366.4,-19.1,64.8,83.9
1953:Q2,2919.2,1689.8,585.5,58.6,1100.9,151.3,211.8,15.9,1161.6,688.1,365.7,-23.0,65.2,88.2
1953:Q3,2902.8,1685.8,580.1,58.3,1107.6,154.7,203.8,9.6,1149.3,671.5,375.4,-20.1,67.8,87.9
1953:Q4,2858.8,1674.4,581.0,56.6,1099.2,153.3,202.2,-8.3,1146.4,663.0,384.4,-18.1,65.5,83.6
1954:Q1,2845.2,1680.6,586.6,54.9,1109.5,149.2,204.4,-7.3,1116.7,629.8,398.1,-16.1,62.6,78.7
1954:Q2,2848.3,1702.4,585.0,57.5,1128.5,147.9,217.7,-11.8,1078.9,598.4,399.6,-14.2,71.6,85.8
1954:Q3,2880.5,1725.5,592.4,57.8,1148.1,151.7,231.0,-9.4,1055.5,572.2,410.7,-11.3,69.3,80.6
1954:Q4,2936.9,1761.7,602.4,61.3,1161.9,151.4,245.4,-3.5,1049.2,565.9,412.5,-8.9,72.5,81.4
1955:Q1,3020.7,1801.2,608.6,66.8,1175.5,154.1,263.5,14.0,1049.8,555.0,429.7,-11.0,75.2,86.2
1955:Q2,3069.9,1835.7,619.9,70.5,1184.1,163.2,267.3,20.7,1039.5,543.2,435.3,-17.7,73.4,91.1
1955:Q3,3111.4,1858.4,624.1,72.7,1196.2,171.3,261.6,18.9,1046.2,548.9,434.7,-14.4,78.2,92.6
1955:Q4,3130.1,1881.7,636.7,70.8,1220.0,176.4,250.6,26.0,1025.5,530.7,437.3,-17.4,78.6,96.0
1956:Q1,3117.9,1884.8,643.9,67.6,1231.8,174.3,244.2,21.9,1025.2,527.4,441.9,-17.7,82.3,100.0
1956:Q2,3143.7,1891.1,642.3,67.7,1243.6,177.4,242.9,15.2,1045.9,540.3,447.4,-11.6,87.9,99.5
1956:Q3,3140.9,1895.4,642.7,66.5,1256.7,179.2,238.3,11.8,1036.7,531.4,449.6,-9.6,90.8,100.4
1956:Q4,3192.6,1921.5,647.9,68.6,1273.2,179.2,234.8,10.5,1063.1,549.6,454.1,-0.9,94.9,95.8
1957:Q1,3213.0,1934.8,651.8,69.9,1278.1,180.1,231.6,5.7,1085.9,560.4,465.4,-2.4,101.0,103.4
1957:Q2,3206.0,1938.2,654.3,68.2,1289.1,179.8,226.1,8.1,1080.3,553.3,469.1,-6.2,98.0,104.2
1957:Q3,3237.4,1953.5,663.3,67.8,1298.5,183.4,223.1,11.9,1089.5,556.2,475.8,-6.9,95.3,102.2
1957:Q4,3203.9,1954.3,659.0,67.0,1312.6,179.2,222.8,-11.1,1107.4,562.8,487.6,-10.0,92.5,102.5
1958:Q1,3120.7,1927.3,653.1,62.5,1310.7,167.8,214.1,-13.9,1097.8,546.1,501.4,-20.7,83.3,104.0
1958:Q2,3141.2,1943.2,659.0,61.5,1329.9,161.6,214.8,-12.1,1125.2,563.3,508.4,-24.8,83.7,108.5
1958:Q3,3213.9,1975.5,671.0,62.8,1348.3,159.9,230.3,6.1,1131.6,561.4,519.2,-23.0,83.9,106.9
1958:Q4,3289.0,2002.3,680.3,65.1,1357.5,165.9,254.3,16.1,1154.5,573.6,528.3,-28.9,83.6,112.5
1959:Q1,3352.1,2039.0,689.1,68.7,1374.4,171.1,283.0,13.1,1142.7,562.2,531.4,-25.7,89.7,115.4
1959:Q2,3427.7,2070.5,694.8,71.2,1395.0,176.0,292.9,33.1,1156.7,572.6,532.6,-32.1,89.0,121.1
1959:Q3,3430.1,2092.1,697.5,72.6,1413.8,180.7,287.4,3.9,1166.6,580.3,532.9,-24.6,97.6,122.2
1959:Q4,3439.8,2094.5,701.8,69.2,1430.9,180.2,279.2,19.4,1157.1,574.5,530.1,-26.4,92.7,119.1
1960:Q1,3517.2,2114.5,703.5,71.4,1443.8,186.5,287.8,48.4,1137.4,552.9,539.0,-18.9,104.7,123.6
1960:Q2,3498.2,2141.2,711.2,73.0,1459.8,189.2,264.2,13.8,1150.2,554.2,552.5,-16.8,107.7,124.5
1960:Q3,3515.4,2132.6,707.1,72.4,1458.0,185.9,256.4,19.6,1178.3,571.3,560.7,-10.9,110.0,120.9
1960:Q4,3470.3,2135.4,707.6,70.6,1472.1,185.5,256.1,-22.8,1186.5,573.6,567.2,-4.6,110.6,115.2
1961:Q1,3493.7,2134.6,711.8,66.7,1486.6,182.8,257.1,-10.4,1204.1,575.5,585.5,-4.7,109.9,114.6
1961:Q2,3553.0,2166.4,721.3,68.1,1508.3,186.9,258.1,9.0,1207.2,580.6,581.5,-11.3,104.7,116.0
1961:Q3,3621.3,2176.9,721.8,69.8,1512.9,188.7,272.2,29.7,1233.0,598.1,586.4,-14.2,109.5,123.7
1961:Q4,3692.3,2220.7,731.7,73.2,1539.8,194.5,281.5,24.7,1260.1,609.2,602.1,-15.3,111.3,126.6
1962:Q1,3758.1,2244.2,737.7,74.7,1554.2,198.4,286.4,39.0,1284.4,631.9,597.8,-19.9,110.6,130.5
1962:Q2,3792.1,2271.8,740.7,76.7,1577.6,203.7,295.3,24.5,1290.9,634.4,601.8,-16.3,117.0,133.3
1962:Q3,3838.8,2290.1,746.4,77.3,1591.0,206.3,295.0,28.7,1320.8,653.5,609.3,-18.2,116.8,135.0
1962:Q4,3851.4,2322.5,750.6,80.7,1610.9,205.5,294.6,17.1,1329.9,656.5,615.6,-23.7,113.0,136.7
1963:Q1,3893.5,2338.8,754.7,82.3,1618.1,206.0,305.0,33.5,1311.9,634.3,626.9,-18.8,114.7,133.5
1963:Q2,3937.2,2360.9,757.3,84.1,1635.4,212.4,326.8,22.1,1312.9,631.5,632.2,-12.7,123.9,136.6
1963:Q3,4023.8,2392.9,764.2,85.1,1663.9,218.2,333.1,26.3,1371.2,667.2,649.0,-16.8,123.3,140.1
1963:Q4,4050.1,2412.8,763.3,86.5,1686.6,224.6,343.5,19.2,1357.0,649.8,657.6,-11.6,128.1,139.7
1964:Q1,4135.6,2460.2,776.3,89.8,1713.4,229.3,364.7,20.5,1361.3,646.7,667.4,-5.0,134.5,139.5
1964:Q2,4180.6,2503.7,791.1,92.2,1737.5,234.7,346.5,19.6,1373.5,646.3,682.6,-8.7,134.0,142.7
1964:Q3,4245.9,2550.0,806.6,95.2,1760.6,242.2,341.0,23.5,1375.2,642.7,689.9,-8.3,138.2,146.5
1964:Q4,4259.0,2557.2,808.2,92.3,1784.9,247.4,334.9,22.5,1374.6,637.4,697.1,-9.5,141.0,150.5
1965:Q1,4362.1,2614.3,815.9,100.9,1805.4,263.1,336.6,51.6,1373.0,632.0,703.4,-20.4,124.6,145.0
1965:Q2,4417.2,2643.1,823.7,101.1,1832.7,272.8,339.5,37.2,1389.3,633.0,721.2,-16.8,145.4,162.2
1965:Q3,4515.4,2688.5,836.0,104.5,1857.7,282.7,341.1,41.8,1435.4,656.5,741.5,-20.6,142.2,162.8
1965:Q4,4619.5,2764.1,867.0,108.9,1889.2,294.2,334.4,33.7,1462.5,671.1,752.2,-19.9,150.9,170.8
1966:Q1,4731.9,2804.9,873.3,114.1,1908.8,306.6,342.8,59.0,1489.8,687.1,761.1,-28.0,147.2,175.2
1966:Q2,4748.0,2812.1,881.6,109.5,1929.6,311.6,316.1,56.7,1517.9,705.9,766.9,-27.9,151.6,179.5
1966:Q3,4788.3,2844.2,887.9,113.1,1945.4,315.7,305.6,50.4,1559.3,733.4,775.8,-39.8,149.8,189.6
1966:Q4,4827.5,2856.0,885.5,113.1,1966.7,315.7,273.6,69.3,1586.2,741.6,795.6,-38.2,153.5,191.7
1967:Q1,4870.3,2872.5,895.4,110.9,1984.6,310.6,266.1,64.9,1653.2,789.7,805.3,-39.3,155.4,194.7
1967:Q2,4873.3,2911.8,902.1,115.7,2004.0,309.8,296.7,28.5,1646.4,781.0,809.6,-39.9,153.3,193.2
1967:Q3,4919.4,2926.7,901.2,114.8,2031.3,309.3,312.5,38.4,1664.7,793.9,812.6,-43.6,152.1,195.7
1967:Q4,4956.5,2944.6,905.3,115.1,2048.3,315.5,330.6,37.4,1677.3,794.4,826.7,-51.0,155.0,206.0
1968:Q1,5057.6,3015.2,923.1,122.2,2080.7,324.8,331.6,34.1,1707.3,808.3,841.9,-58.9,159.3,218.2
1968:Q2,5142.0,3061.1,934.5,124.8,2113.0,320.8,339.7,59.8,1716.1,803.9,858.4,-59.5,162.0,221.5
1968:Q3,5181.9,3118.4,949.4,130.4,2140.0,325.2,346.5,32.6,1721.2,799.3,870.8,-61.3,173.5,234.8
1968:Q4,5202.2,3132.5,949.6,129.7,2163.5,334.1,351.3,27.1,1722.7,795.4,878.1,-63.2,169.6,232.8
1969:Q1,5283.6,3167.2,960.1,132.1,2182.3,342.6,363.1,45.5,1726.6,792.8,886.1,-61.0,149.9,210.9
1969:Q2,5299.6,3187.7,962.2,131.8,2209.3,346.4,359.7,38.0,1721.2,782.9,893.6,-69.7,182.8,252.5
1969:Q3,5334.6,3203.2,965.8,131.4,2227.1,354.3,356.9,43.9,1724.6,784.3,895.6,-69.5,179.7,249.2
1969:Q4,5308.6,3228.8,972.3,130.9,2254.8,352.4,332.3,23.8,1701.4,766.5,893.6,-62.1,184.4,246.5
1970:Q1,5300.7,3248.9,980.6,128.9,2279.1,349.9,332.5,4.3,1693.2,753.5,902.2,-58.8,186.8,245.7
1970:Q2,5308.2,3263.6,980.0,130.4,2293.3,347.6,312.2,20.1,1673.5,733.7,907.1,-56.4,194.1,250.5
1970:Q3,5357.1,3292.2,987.1,130.8,2319.3,348.8,330.2,20.3,1680.5,724.6,927.8,-55.1,194.9,249.9
1970:Q4,5299.7,3283.2,998.6,122.1,2331.1,336.9,363.5,-16.8,1681.3,721.9,932.5,-58.5,195.3,253.8
1971:Q1,5443.6,3346.3,1002.7,135.3,2347.2,339.7,382.3,47.7,1656.7,698.7,936.4,-53.8,197.0,250.8
1971:Q2,5473.1,3377.0,1005.0,138.3,2371.0,344.3,419.0,40.6,1652.9,690.5,943.3,-74.1,195.6,269.7
1971:Q3,5518.1,3403.9,1002.9,142.0,2393.3,345.8,438.3,38.6,1652.0,687.5,946.5,-70.3,205.4,275.7
1971:Q4,5531.0,3460.4,1009.7,148.1,2430.8,352.9,455.2,-2.2,1640.3,669.4,958.4,-70.6,186.4,257.0
1972:Q1,5632.6,3506.1,1013.1,151.5,2471.8,364.1,484.9,13.9,1649.3,674.9,961.0,-87.0,207.6,294.6
1972:Q2,5760.5,3572.8,1040.4,155.3,2501.6,370.1,494.0,45.6,1655.9,681.4,959.4,-82.6,201.5,284.1
1972:Q3,5814.9,3627.9,1054.8,159.3,2535.4,375.5,496.2,48.8,1624.3,650.2,967.1,-76.3,213.7,290.0
1972:Q4,5912.2,3713.0,1074.7,167.7,2580.7,393.5,513.8,19.6,1637.8,651.9,980.4,-80.4,222.7,303.1
1973:Q1,6058.5,3780.8,1081.2,178.4,2613.8,410.0,530.9,32.2,1651.9,660.3,984.9,-78.1,239.0,317.1
1973:Q2,6124.5,3779.1,1072.0,176.3,2636.0,425.2,503.4,62.9,1640.2,649.7,986.5,-57.4,250.5,308.0
1973:Q3,6092.3,3792.4,1077.1,174.7,2653.4,431.8,481.8,30.0,1620.9,626.7,996.8,-48.1,251.4,299.4
1973:Q4,6150.1,3781.1,1072.8,170.6,2663.1,435.0,460.0,69.6,1633.1,628.1,1008.9,-37.9,263.7,301.7
1974:Q1,6097.3,3747.3,1058.4,166.6,2658.2,434.6,430.1,33.9,1662.6,643.2,1021.7,-24.3,267.2,291.4
1974:Q2,6111.8,3760.8,1051.4,167.5,2684.9,433.8,412.7,44.5,1670.9,641.0,1034.3,-26.7,280.2,306.9
1974:Q3,6054.0,3776.9,1053.7,168.5,2699.1,429.4,398.9,14.2,1674.3,645.1,1032.4,-36.4,265.1,301.5
1974:Q4,6030.5,3721.7,1034.9,152.5,2726.8,418.1,346.9,52.5,1682.3,651.5,1032.8,-26.5,272.0,298.5
1975:Q1,5957.0,3752.9,1036.9,155.7,2752.2,394.2,327.4,-21.2,1700.6,644.7,1063.3,5.3,273.9,268.6
1975:Q2,5999.6,3814.7,1059.8,158.8,2785.2,384.8,336.6,-37.1,1686.2,638.3,1055.7,18.8,265.9,247.1
1975:Q3,6102.3,3868.9,1070.2,168.7,2798.3,388.9,358.8,-5.9,1717.7,654.7,1069.2,-6.2,261.4,267.6
1975:Q4,6184.5,3910.5,1067.6,173.6,2838.6,393.5,374.1,0.4,1732.8,656.9,1083.5,-5.7,276.2,281.9
1976:Q1,6323.6,3988.7,1089.2,182.2,2871.7,401.9,409.6,39.2,1735.5,650.4,1095.7,-25.2,274.3,299.5
1976:Q2,6370.0,4025.4,1106.0,183.1,2890.7,407.3,419.7,59.0,1716.2,648.2,1076.5,-35.4,277.1,312.5
1976:Q3,6404.9,4067.8,1114.4,185.1,2925.7,416.2,413.2,53.3,1711.1,649.1,1069.3,-40.2,285.1,325.3
1976:Q4,6451.2,4120.5,1126.2,188.1,2965.8,424.2,463.2,19.5,1710.1,650.5,1066.1,-48.1,288.0,336.2
1977:Q1,6527.7,4169.1,1125.4,195.2,3002.2,439.7,477.0,33.1,1724.6,655.0,1076.7,-68.5,283.4,351.9
1977:Q2,6654.5,4191.7,1125.3,199.8,3013.2,451.8,529.3,49.5,1740.4,663.3,1083.3,-64.2,291.0,355.2
1977:Q3,6774.5,4231.3,1130.9,202.7,3045.4,460.8,527.7,86.8,1747.4,669.9,1082.2,-57.0,293.3,350.3
1977:Q4,6774.6,4295.0,1155.2,207.0,3074.3,474.9,521.5,45.7,1743.2,665.3,1083.8,-71.4,283.9,355.3
1978:Q1,6796.3,4319.1,1160.1,201.5,3122.3,479.0,526.3,54.4,1743.7,665.8,1083.6,-88.5,290.6,379.1
1978:Q2,7058.9,4411.4,1169.1,216.5,3169.3,516.1,551.5,53.5,1787.4,678.7,1116.2,-59.4,320.9,380.3
1978:Q3,7129.9,4430.0,1178.1,213.6,3192.1,533.7,557.9,54.5,1803.9,683.1,1129.0,-60.8,324.4,385.2
1978:Q4,7225.8,4465.7,1193.3,215.3,3208.9,550.9,556.8,64.8,1820.1,688.9,1139.7,-53.2,337.3,390.5
1979:Q1,7238.7,4488.8,1198.6,212.8,3242.4,563.6,543.3,49.0,1802.2,687.8,1120.4,-51.9,337.5,389.5
1979:Q2,7246.5,4485.9,1196.3,207.9,3262.3,563.0,533.7,55.5,1819.7,694.8,1130.9,-53.2,338.4,391.6
1979:Q3,7300.3,4529.6,1210.3,213.7,3274.5,579.7,527.2,20.4,1825.0,696.4,1134.8,-35.0,350.6,385.6
1979:Q4,7318.5,4540.8,1216.7,208.2,3301.9,581.3,506.1,14.7,1837.0,697.2,1147.5,-21.3,372.7,394.0
1980:Q1,7341.6,4534.3,1216.1,205.0,3307.5,587.6,467.2,16.3,1864.0,715.8,1152.9,-11.2,383.1,394.3
1980:Q2,7190.3,4432.2,1199.6,182.8,3286.7,560.4,380.6,13.9,1867.7,729.9,1137.6,24.6,390.3,365.6
1980:Q3,7181.7,4480.8,1196.7,191.0,3324.6,564.1,392.2,-59.9,1842.2,721.5,1120.0,50.1,389.5,339.3
1980:Q4,7315.7,4541.4,1201.4,196.8,3375.3,575.9,428.8,-17.0,1841.8,725.2,1114.5,29.6,387.1,357.5
1981:Q1,7459.0,4556.6,1212.0,202.4,3356.0,587.6,418.3,69.2,1866.5,739.4,1123.2,21.6,394.4,372.8
1981:Q2,7403.7,4556.9,1217.4,194.5,3378.9,599.5,405.0,17.4,1870.1,758.4,1101.8,23.2,396.5,373.3
1981:Q3,7492.4,4578.0,1220.1,200.4,3379.4,613.5,373.6,71.4,1863.6,755.3,1098.6,19.0,388.1,369.1
1981:Q4,7410.8,4546.7,1224.7,186.0,3386.6,627.8,334.6,36.3,1887.3,768.8,1107.2,10.2,389.8,379.6
1982:Q1,7295.6,4580.2,1227.0,192.0,3404.4,614.6,315.3,-34.1,1885.2,769.3,1104.1,4.1,372.9,368.8
1982:Q2,7328.9,4594.1,1224.9,192.7,3423.5,595.5,305.1,-6.7,1892.4,772.5,1107.9,12.4,375.1,362.8
1982:Q3,7300.9,4624.9,1230.1,194.2,3449.9,578.4,304.8,7.5,1907.5,785.2,1108.0,-21.1,358.5,379.6
1982:Q4,7303.8,4706.0,1242.7,203.1,3503.3,568.4,328.9,-65.1,1936.9,803.7,1116.4,-22.6,342.1,364.7
1983:Q1,7400.1,4752.5,1246.8,205.1,3549.9,559.9,385.5,-60.7,1955.6,816.4,1120.4,-25.4,347.6,373.0
1983:Q2,7568.5,4849.3,1261.4,220.1,3598.2,567.7,430.4,-9.5,1971.7,831.6,1118.2,-53.1,348.6,401.7
1983:Q3,7719.7,4936.2,1280.6,228.6,3651.3,591.6,472.4,-3.3,2005.7,853.1,1127.9,-79.1,353.9,433.0
1983:Q4,7880.8,5014.9,1296.2,239.8,3689.0,627.3,492.3,34.5,1973.6,825.5,1128.6,-93.3,361.0,454.3
1984:Q1,8034.8,5056.5,1299.5,248.9,3705.4,647.3,507.1,109.7,1994.5,832.5,1142.9,-122.2,368.5,490.8
1984:Q2,8173.7,5127.3,1327.9,254.7,3734.6,677.5,516.0,103.2,2037.8,857.7,1158.1,-133.6,377.7,511.3
1984:Q3,8252.5,5165.4,1328.9,254.7,3781.4,698.2,509.9,107.7,2054.3,857.0,1177.9,-138.5,386.0,524.6
1984:Q4,8320.2,5232.3,1339.2,263.0,3823.0,714.7,510.4,67.8,2097.4,884.4,1189.9,-146.1,393.9,539.9
1985:Q1,8400.8,5321.2,1347.3,272.2,3892.3,722.7,511.6,21.0,2120.3,892.5,1204.9,-133.1,394.9,528.0
1985:Q2,8474.8,5370.0,1357.9,275.4,3928.1,733.0,516.0,30.7,2167.3,916.0,1226.7,-159.9,394.1,554.0
1985:Q3,8604.2,5472.0,1369.0,293.0,3981.0,724.7,525.6,25.8,2216.7,943.3,1246.2,-160.3,388.3,548.6
1985:Q4,8668.2,5483.9,1381.2,282.9,4012.8,737.8,537.0,47.5,2225.9,943.8,1255.7,-170.2,399.9,570.1
1986:Q1,8749.1,5531.8,1398.7,288.7,4029.4,730.5,558.8,42.2,2243.5,941.2,1278.8,-157.1,412.5,569.5
1986:Q2,8788.5,5592.1,1411.2,298.9,4053.7,715.7,590.9,20.5,2290.2,971.7,1291.3,-176.9,416.9,593.8
1986:Q3,8872.6,5691.0,1414.1,324.4,4087.6,707.5,599.0,-11.8,2340.1,1005.3,1303.3,-183.8,426.4,610.2
1986:Q4,8920.2,5725.8,1425.6,319.3,4132.4,714.3,600.6,-10.0,2330.4,993.6,1307.7,-172.6,442.4,615.0
1987:Q1,8986.4,5731.2,1427.5,300.3,4199.2,697.4,599.6,45.4,2344.1,1000.0,1314.6,-168.6,442.8,611.3
1987:Q2,9083.3,5809.4,1438.4,312.6,4240.6,711.5,601.7,25.5,2362.3,1013.6,1317.5,-165.6,461.0,626.6
1987:Q3,9162.0,5875.6,1439.6,325.6,4278.5,731.2,596.7,-2.2,2364.8,1012.2,1322.0,-157.8,481.0,638.9
1987:Q4,9319.3,5888.1,1441.3,316.8,4320.4,730.3,597.7,95.7,2400.2,1029.3,1339.5,-154.6,499.0,653.5
1988:Q1,9367.5,5992.1,1456.9,331.7,4379.3,736.2,587.0,21.0,2380.2,999.8,1354.2,-123.8,526.7,650.5
1988:Q2,9490.6,6036.4,1468.4,331.9,4418.2,752.6,594.3,29.2,2387.3,992.3,1371.3,-101.5,541.4,643.0
1988:Q3,9546.2,6090.0,1478.6,327.5,4484.5,757.3,594.7,24.3,2387.6,987.6,1377.5,-106.0,552.1,658.1
1988:Q4,9673.4,6159.2,1494.0,336.0,4522.1,767.9,598.5,33.4,2433.9,1014.9,1394.1,-109.2,569.0,678.2
1989:Q1,9771.7,6187.8,1500.7,334.5,4552.9,780.2,592.7,66.0,2423.2,996.4,1405.3,-95.4,585.9,681.4
1989:Q2,9846.3,6216.7,1503.0,339.0,4571.2,790.7,574.1,50.5,2460.4,1016.6,1420.8,-73.0,611.6,684.6
1989:Q3,9919.2,6276.9,1518.1,346.7,4601.2,810.8,571.5,14.0,2482.6,1025.0,1434.5,-65.8,617.8,683.7
1989:Q4,9938.8,6304.2,1535.3,336.1,4644.6,802.7,559.3,20.3,2495.0,1020.2,1453.7,-68.8,627.2,696.0
1990:Q1,10047.4,6357.2,1533.3,350.3,4668.7,813.0,564.3,18.6,2534.9,1037.2,1476.1,-63.7,654.4,718.1
1990:Q2,10083.9,6376.6,1535.0,338.7,4725.3,802.4,542.0,46.6,2538.9,1038.6,1478.9,-54.3,662.6,716.9
1990:Q3,10090.6,6401.8,1537.5,335.3,4763.2,808.0,512.9,30.5,2543.0,1034.0,1488.7,-46.4,667.6,714.0
1990:Q4,9998.7,6353.1,1522.1,326.1,4751.7,795.3,483.3,-14.3,2560.0,1035.3,1505.3,-21.4,673.5,694.8
1991:Q1,9951.9,6329.2,1522.8,317.1,4748.2,779.4,457.8,-22.6,2575.2,1047.1,1507.6,-9.3,677.6,686.9
1991:Q2,10029.5,6381.7,1531.7,318.7,4795.4,775.5,471.9,-26.8,2585.7,1051.4,1513.7,3.2,702.3,699.1
1991:Q3,10080.2,6413.5,1534.3,323.6,4816.2,768.8,487.9,1.1,2578.5,1037.5,1522.5,0.1,718.9,718.8
1991:Q4,10115.3,6410.3,1521.1,318.3,4844.9,768.4,497.5,39.4,2559.6,1011.5,1533.2,0.4,735.1,734.7
1992:Q1,10236.4,6530.3,1543.8,330.8,4924.2,765.4,526.0,3.0,2582.3,1015.3,1553.0,8.4,748.4,740.0
1992:Q2,10347.4,6574.7,1550.2,333.1,4962.5,790.1,544.0,28.7,2577.3,1012.6,1550.7,-3.4,748.7,752.2
1992:Q3,10449.7,6645.1,1559.5,340.2,5015.1,802.2,544.2,26.3,2593.7,1026.9,1551.4,0.6,764.6,764.0
1992:Q4,10558.6,6724.3,1575.1,347.0,5070.9,823.2,565.0,30.2,2593.4,1027.6,1550.2,-13.9,768.4,782.3
1993:Q1,10576.3,6750.1,1576.7,350.3,5090.3,831.4,565.4,52.1,2561.2,994.0,1555.6,-29.1,770.2,799.3
1993:Q2,10637.8,6811.5,1589.2,361.7,5116.0,847.7,572.9,35.1,2561.5,983.6,1568.2,-36.4,779.4,815.8
1993:Q3,10688.6,6887.3,1605.0,365.7,5175.2,854.6,594.4,2.3,2565.1,979.9,1576.4,-49.3,777.3,826.5
1993:Q4,10834.0,6947.8,1616.1,374.5,5208.7,885.4,624.8,19.5,2574.2,981.5,1584.1,-57.4,802.3,859.7
1994:Q1,10939.1,7027.3,1637.8,383.5,5251.6,894.7,634.2,61.9,2542.3,947.3,1590.7,-69.6,810.2,879.8
1994:Q2,11087.4,7081.9,1650.7,387.6,5289.0,908.7,654.7,111.8,2554.9,943.2,1608.8,-75.0,837.6,912.6
1994:Q3,11152.2,7135.9,1664.9,391.7,5324.2,924.2,645.0,69.8,2598.0,966.1,1627.8,-69.3,868.9,938.2
1994:Q4,11279.9,7213.1,1682.6,405.4,5355.9,960.3,635.1,98.1,2575.4,940.6,1633.7,-75.6,889.0,964.6
1995:Q1,11320.0,7231.0,1688.7,397.0,5392.8,995.8,620.7,82.0,2584.4,938.0,1646.5,-79.7,906.1,985.8
1995:Q2,11353.7,7294.4,1697.0,401.1,5446.4,1005.3,601.6,46.8,2593.1,934.9,1659.4,-76.3,918.8,995.1
1995:Q3,11450.3,7360.5,1703.0,412.4,5486.3,1011.7,623.8,10.6,2586.3,927.4,1661.1,-40.0,958.6,998.6
1995:Q4,11528.1,7411.9,1711.8,419.5,5516.8,1031.3,636.0,17.1,2559.2,895.8,1669.7,-39.1,972.2,1011.3
1996:Q1,11614.4,7480.2,1722.9,424.1,5571.4,1057.4,652.5,2.3,2576.1,913.5,1666.8,-60.3,983.9,1044.2
1996:Q2,11808.1,7560.7,1745.0,437.6,5603.4,1085.6,680.9,33.6,2608.2,922.1,1690.8,-67.6,999.9,1067.6
1996:Q3,11914.1,7606.5,1757.4,440.7,5633.9,1119.8,679.5,74.2,2608.2,909.9,1705.1,-94.2,1008.0,1102.2
1996:Q4,12037.8,7667.1,1771.6,449.3,5665.4,1148.2,671.8,43.2,2626.2,905.5,1729.5,-53.0,1070.9,1123.9
1997:Q1,12115.5,7747.9,1782.3,461.5,5715.7,1174.8,675.2,35.6,2612.6,892.7,1729.9,-80.7,1091.2,1171.9
1997:Q2,12317.2,7782.8,1783.1,460.0,5758.9,1199.3,684.7,140.4,2646.4,912.5,1742.7,-76.4,1134.8,1211.2
1997:Q3,12471.0,7915.4,1811.6,480.5,5827.7,1252.0,691.3,93.1,2658.7,908.6,1760.3,-94.8,1161.1,1255.9
1997:Q4,12577.5,8010.0,1824.3,492.7,5891.6,1260.0,698.6,99.3,2672.0,907.2,1776.1,-123.6,1159.4,1283.0
1998:Q1,12703.7,8091.0,1837.3,496.7,5959.6,1300.9,713.1,151.7,2662.4,884.6,1792.3,-166.3,1164.8,1331.1
1998:Q2,12821.3,8233.5,1859.7,521.8,6036.7,1344.9,737.8,55.3,2709.1,901.9,1821.7,-209.7,1152.0,1361.6
1998:Q3,12982.8,8340.8,1873.2,536.7,6108.7,1366.1,759.4,70.0,2729.5,898.4,1847.3,-233.3,1146.7,1380.0
1998:Q4,13191.7,8461.3,1898.8,568.3,6142.7,1406.0,777.2,81.9,2745.6,904.0,1857.8,-235.3,1189.3,1424.7
1999:Q1,13315.6,8548.2,1934.0,569.6,6198.6,1437.1,780.2,113.3,2765.0,902.6,1880.0,-279.5,1185.4,1464.9
1999:Q2,13426.7,8679.1,1952.3,596.8,6264.5,1475.3,792.4,48.5,2775.0,901.3,1892.1,-306.9,1200.1,1507.0
1999:Q3,13604.8,8776.7,1961.3,611.1,6332.9,1517.5,798.3,60.1,2808.4,915.4,1911.1,-325.2,1236.3,1561.5
1999:Q4,13828.0,8905.1,2001.3,618.4,6416.3,1524.3,804.1,114.3,2852.1,934.0,1935.9,-338.7,1262.7,1601.4
2000:Q1,13878.1,9039.7,1983.8,652.9,6513.9,1580.1,808.1,20.0,2831.9,903.0,1949.9,-381.0,1280.9,1661.9
2000:Q2,14130.9,9124.2,2023.1,640.9,6590.2,1629.4,804.0,118.0,2859.8,931.2,1947.2,-394.9,1319.9,1714.8
2000:Q3,14145.3,9211.6,2036.5,651.8,6649.9,1647.2,791.5,84.7,2847.8,913.6,1954.5,-424.9,1351.6,1776.5
2000:Q4,14229.8,9292.1,2056.0,656.3,6708.1,1653.4,792.3,77.4,2865.2,916.1,1969.9,-441.0,1338.1,1779.1
2001:Q1,14183.1,9325.8,2043.8,667.1,6736.9,1638.6,795.7,-41.6,2910.0,936.2,1994.2,-434.9,1321.3,1756.1
2001:Q2,14271.7,9344.5,2053.4,666.5,6747.7,1604.7,808.0,0.1,2960.5,949.8,2031.7,-417.4,1282.5,1699.9
2001:Q3,14214.5,9377.0,2062.9,674.1,6757.6,1585.7,813.1,-43.5,2957.6,955.5,2022.5,-444.5,1216.9,1661.4
2001:Q4,14253.6,9528.3,2080.3,730.3,6793.3,1540.1,807.9,-111.6,3006.6,966.9,2061.0,-469.6,1174.6,1644.2
2002:Q1,14372.8,9549.5,2089.1,722.3,6823.6,1503.2,834.3,-6.2,3059.3,998.7,2080.5,-490.7,1200.2,1690.9
2002:Q2,14460.8,9597.8,2090.5,726.9,6866.8,1486.3,855.0,32.4,3082.8,1018.1,2083.2,-511.6,1236.0,1747.5
2002:Q3,14519.6,9665.0,2094.0,748.7,6894.8,1481.4,857.6,26.6,3098.6,1028.1,2088.6,-529.9,1239.9,1769.8
2002:Q4,14537.6,9718.7,2119.1,741.8,6938.9,1461.5,873.0,39.7,3121.4,1045.6,2092.7,-579.9,1221.6,1801.5
2003:Q1,14614.1,9766.6,2136.2,742.5,6970.5,1468.7,889.1,41.3,3124.1,1057.7,2081.8,-575.9,1217.8,1793.7
2003:Q2,14743.6,9878.4,2153.3,776.3,7011.4,1509.3,903.2,-9.4,3152.7,1094.2,2070.4,-599.9,1220.0,1819.8
2003:Q3,14988.8,10018.1,2193.1,810.6,7057.8,1541.3,955.0,3.4,3159.9,1094.0,2078.3,-595.0,1253.3,1848.3
2003:Q4,15162.8,10087.1,2205.7,822.3,7098.4,1560.7,983.4,45.2,3178.9,1114.3,2075.2,-597.4,1309.7,1907.0
2004:Q1,15248.7,10181.1,2222.6,836.7,7157.1,1545.3,994.8,55.6,3193.3,1126.4,2076.5,-621.2,1339.3,1960.5
2004:Q2,15366.9,10236.7,2231.5,838.9,7204.2,1583.9,1026.4,92.0,3201.8,1133.0,2078.0,-670.3,1367.4,2037.7
2004:Q3,15512.6,10356.9,2247.5,860.5,7280.0,1629.2,1033.7,80.6,3207.8,1145.5,2070.3,-694.0,1371.9,2065.9
2004:Q4,15670.9,10474.1,2270.4,876.8,7354.1,1662.7,1048.0,87.9,3205.8,1143.4,2070.6,-709.5,1404.5,2114.1
2005:Q1,15844.7,10540.6,2291.8,881.0,7395.6,1686.8,1072.7,121.6,3221.7,1156.1,2072.9,-701.4,1430.8,2132.3
2005:Q2,15922.8,10657.4,2309.9,904.4,7462.8,1714.1,1092.5,30.1,3219.8,1154.9,2072.3,-698.0,1462.8,2160.8
2005:Q3,16047.6,10745.9,2318.5,922.1,7519.6,1749.8,1104.5,15.6,3230.4,1163.8,2073.5,-710.4,1462.5,2172.9
2005:Q4,16136.7,10765.7,2351.0,894.5,7549.7,1763.3,1102.3,101.0,3232.9,1164.3,2075.6,-735.1,1507.8,2243.0
2006:Q1,16353.8,10883.1,2375.0,930.0,7592.4,1822.5,1092.0,94.2,3273.9,1194.5,2084.9,-720.2,1569.0,2289.1
2006:Q2,16396.2,10939.5,2379.9,930.4,7647.0,1854.3,1037.3,95.2,3272.7,1186.4,2092.7,-713.8,1598.1,2311.9
2006:Q3,16420.7,11009.7,2393.5,943.7,7686.3,1886.1,979.9,95.3,3267.7,1175.6,2099.2,-739.0,1596.0,2335.0
2006:Q4,16561.9,11114.8,2426.8,957.0,7741.4,1906.1,934.3,54.8,3294.6,1192.7,2108.4,-675.5,1656.6,2332.0
2007:Q1,16611.7,11183.3,2435.0,969.9,7785.6,1940.4,892.2,29.7,3299.1,1185.5,2120.6,-676.6,1689.4,2366.0
2007:Q2,16713.3,11212.7,2429.9,980.1,7807.3,1983.5,857.1,54.9,3329.1,1205.0,2130.6,-663.6,1715.0,2378.6
2007:Q3,16809.6,11287.5,2437.5,992.1,7860.9,2014.6,802.6,36.3,3344.2,1215.5,2134.9,-623.3,1768.6,2391.9
2007:Q4,16915.2,11331.9,2435.5,999.5,7900.1,2045.7,735.8,31.2,3371.0,1235.8,2140.6,-560.1,1809.2,2369.3
2008:Q1,16843.0,11316.4,2416.6,967.2,7952.0,2053.8,677.3,-6.8,3378.7,1254.6,2128.8,-540.1,1838.0,2378.2
2008:Q2,16943.3,11347.6,2420.4,960.3,7991.3,2058.0,646.6,-29.6,3407.8,1281.4,2130.3,-463.7,1892.0,2355.7
2008:Q3,16854.3,11260.1,2385.1,927.9,7984.1,2019.6,613.8,-14.8,3435.1,1298.0,2140.8,-442.4,1883.6,2325.9
2008:Q4,16485.4,11158.8,2362.3,859.6,7997.2,1901.9,554.1,-78.1,3458.8,1314.9,2147.4,-469.0,1772.8,2241.8
2009:Q1,16298.3,11130.5,2361.4,861.1,7965.7,1758.6,500.3,-167.7,3498.1,1332.3,2169.1,-397.5,1631.3,2028.7
2009:Q2,16269.1,11075.7,2347.3,854.9,7931.7,1705.1,469.6,-219.1,3549.0,1363.9,2187.9,-304.4,1642.0,1946.4
2009:Q3,16326.3,11150.2,2354.7,896.4,7944.7,1695.2,491.4,-236.8,3558.5,1376.4,2184.6,-324.0,1702.7,2026.7
2009:Q4,16502.8,11137.9,2362.3,875.3,7952.2,1706.6,490.4,-57.5,3565.2,1396.9,2169.8,-328.8,1796.5,2125.3
2010:Q1,16582.7,11202.5,2374.8,886.0,7992.0,1718.7,474.6,-6.9,3549.8,1412.5,2137.8,-341.8,1836.9,2178.7
2010:Q2,16743.2,11303.0,2387.9,913.9,8046.0,1775.3,499.2,35.3,3560.6,1431.0,2129.5,-400.8,1877.3,2278.1
2010:Q3,16872.3,11383.6,2396.8,928.2,8101.9,1823.7,455.0,120.3,3535.4,1424.5,2110.6,-426.8,1931.0,2357.8
2010:Q4,16960.9,11453.4,2414.6,954.2,8121.5,1859.4,462.5,68.9,3512.9,1422.3,2090.2,-382.6,1983.8,2366.4
2011:Q1,16920.6,11497.1,2422.7,962.6,8147.7,1857.3,461.0,29.1,3469.8,1402.2,2067.3,-377.1,2000.8,2378.0
2011:Q2,17035.1,11509.0,2417.5,955.8,8174.9,1905.7,466.2,65.5,3446.1,1396.8,2048.8,-352.1,2034.7,2386.9
2011:Q3,17031.3,11544.0,2409.3,964.3,8210.4,1995.4,474.6,-14.9,3396.9,1366.4,2030.4,-350.6,2062.7,2413.3
2011:Q4,17222.6,11563.9,2408.7,987.4,8202.5,2046.6,486.9,97.7,3394.6,1371.5,2022.8,-366.7,2078.4,2445.0
2012:Q1,17367.0,11647.3,2426.3,1011.5,8239.8,2099.3,516.3,77.8,3380.2,1371.4,2008.2,-353.3,2103.7,2457.1
2012:Q2,17444.5,11667.8,2423.6,1013.4,8262.1,2146.7,520.8,89.5,3362.3,1360.5,2001.4,-341.8,2124.5,2466.2
2012:Q3,17469.7,11691.4,2424.8,1026.6,8269.4,2139.6,534.1,85.5,3357.2,1363.3,1993.4,-342.0,2137.5,2479.5
2012:Q4,17489.9,11738.0,2424.8,1049.8,8289.8,2162.9,562.0,24.0,3324.1,1336.2,1987.8,-316.6,2139.5,2456.1
2013:Q1,17662.4,11814.3,2461.5,1076.2,8296.0,2196.3,583.3,75.9,3293.1,1306.0,1987.2,-303.4,2150.6,2454.0
2013:Q2,17709.7,11848.1,2463.7,1081.5,8322.6,2207.6,603.0,79.5,3288.9,1295.9,1993.1,-319.5,2170.1,2489.6
2013:Q3,17860.5,11896.3,2482.7,1091.3,8339.9,2248.2,614.0,137.3,3272.8,1277.8,1995.1,-318.8,2188.7,2507.5
2013:Q4,18016.1,12001.0,2506.7,1102.5,8408.9,2302.2,604.2,121.4,3247.6,1256.0,1991.6,-275.6,2251.8,2527.3
2014:Q1,17954.0,12044.2,2514.7,1121.0,8423.2,2339.4,601.6,58.3,3233.6,1254.9,1978.8,-329.7,2230.2,2559.9
2014:Q2,18185.9,12159.9,2540.3,1162.8,8466.5,2406.4,621.4,92.8,3238.0,1247.7,1990.3,-339.9,2278.4,2618.2
2014:Q3,18406.9,12280.1,2561.8,1183.0,8544.3,2458.5,630.8,106.0,3259.9,1262.1,1997.9,-335.4,2287.8,2623.2
2014:Q4,18500.0,12421.6,2592.4,1205.8,8631.2,2479.9,653.4,83.2,3257.5,1243.1,2014.4,-385.3,2306.7,2692.0
2015:Q1,18666.6,12516.9,2618.2,1228.9,8675.8,2481.1,666.3,169.4,3277.2,1248.0,2029.1,-443.6,2288.5,2732.1
2015:Q2,18782.2,12603.1,2634.0,1253.7,8719.8,2498.4,684.1,145.3,3309.3,1251.9,2057.3,-458.9,2294.6,2753.5
2015:Q3,18857.4,12691.8,2661.6,1270.1,8763.4,2513.6,705.6,120.3,3326.8,1250.8,2075.9,-496.2,2276.1,2772.3
2015:Q4,18892.2,12743.4,2671.7,1278.3,8796.5,2502.5,716.6,99.6,3341.1,1260.2,2080.8,-507.1,2273.0,2780.1
2016:Q1,19001.7,12839.6,2696.7,1295.3,8850.1,2504.6,739.0,62.4,3371.6,1261.1,2110.5,-510.3,2266.5,2776.8
2016:Q2,19062.7,12903.3,2720.4,1306.3,8878.6,2525.9,741.3,19.2,3369.0,1254.8,2114.2,-496.3,2284.1,2780.4
2016:Q3,19197.9,12993.1,2729.1,1339.8,8925.0,2564.0,739.3,-3.7,3383.7,1261.4,2122.3,-479.5,2321.1,2800.7
2016:Q4,19304.4,13060.1,2733.6,1360.8,8966.0,2584.6,748.9,55.6,3389.6,1262.5,2127.2,-537.2,2303.8,2841.0
2017:Q1,19398.3,13160.5,2759.5,1371.7,9029.3,2610.4,766.5,7.0,3380.2,1257.2,2123.1,-525.1,2359.9,2885.0
2017:Q2,19506.9,13225.7,2785.8,1389.2,9050.5,2639.8,770.8,26.0,3389.8,1263.9,2125.9,-544.6,2367.9,2912.4
2017:Q3,19660.8,13315.4,2801.8,1424.9,9088.4,2665.2,771.3,55.5,3394.0,1263.1,2130.9,-541.8,2381.8,2923.6
2017:Q4,19882.4,13460.9,2838.1,1477.8,9145.3,2728.9,787.0,42.1,3424.5,1280.0,2144.5,-561.9,2443.5,3005.4
2018:Q1,20044.1,13558.4,2858.9,1496.9,9203.4,2805.3,772.1,34.1,3431.7,1293.0,2138.7,-558.5,2459.3,3017.8
2018:Q2,20150.5,13631.0,2860.8,1505.6,9265.6,2837.1,777.4,0.5,3456.3,1302.3,2154.0,-549.0,2472.7,3021.7
2018:Q3,20276.2,13693.8,2870.0,1516.4,9308.6,2854.6,770.1,92.9,3483.6,1319.1,2164.7,-622.4,2441.8,3064.2
2018:Q4,20304.9,13736.6,2889.7,1518.9,9329.1,2880.4,754.6,89.8,3488.4,1325.3,2163.2,-644.3,2451.9,3096.2
2019:Q1,20431.6,13758.3,2914.9,1505.4,9338.8,2899.8,746.1,114.3,3536.6,1339.8,2197.0,-619.4,2474.9,3094.3
2019:Q2,20602.3,13875.7,2947.9,1549.2,9381.2,2955.0,758.7,82.5,3584.6,1353.4,2231.3,-649.0,2462.4,3111.4
2019:Q3,20843.3,14033.2,2976.4,1585.7,9474.6,2983.5,769.6,67.5,3625.5,1370.3,2255.4,-635.0,2462.9,3097.9
2019:Q4,20985.4,14125.3,2979.1,1598.6,9550.2,2970.3,772.1,25.3,3654.8,1377.8,2277.0,-561.9,2477.9,3039.8
2020:Q1,20709.2,13887.0,3020.0,1534.7,9334.4,2918.1,793.9,-39.9,3694.3,1392.4,2301.8,-544.8,2386.7,2931.5
2020:Q2,19078.0,12685.3,2926.1,1530.6,8250.8,2681.1,738.9,-261.4,3773.8,1493.9,2281.6,-549.4,1886.4,2435.9
2020:Q3,20558.9,13813.7,3123.8,1811.3,8912.8,2796.6,840.3,116.0,3709.6,1448.4,2262.3,-721.8,2115.8,2837.6
2020:Q4,20791.9,14001.4,3137.3,1823.6,9071.6,2875.4,899.6,89.4,3713.1,1449.9,2264.4,-807.1,2242.3,3049.4
2021:Q1,21082.1,14319.6,3218.6,1949.6,9191.4,2939.9,911.8,-10.3,3765.7,1509.2,2259.5,-859.7,2247.4,3107.1
2021:Q2,21440.9,14820.0,3336.3,2027.8,9497.9,3010.9,901.7,-120.8,3721.6,1475.6,2248.3,-904.3,2270.2,3174.4
2021:Q3,21617.8,14943.2,3342.6,1895.5,9734.6,2999.3,899.8,16.8,3693.9,1447.6,2247.6,-956.9,2268.6,3225.5
2021:Q4,21988.7,15086.9,3360.0,1924.3,9832.1,3022.1,905.8,207.9,3693.4,1459.7,2236.0,-984.6,2402.5,3387.1
2022:Q1,21932.7,15100.9,3334.4,1924.1,9871.0,3110.1,889.8,227.4,3665.5,1428.9,2237.3,-1106.8,2377.5,3484.4
2022:Q2,21967.0,15224.4,3335.0,1917.9,9998.8,3163.4,863.9,114.4,3652.4,1415.4,2237.0,-1093.0,2451.7,3544.7
2022:Q3,22125.6,15295.8,3310.1,1910.6,10101.3,3210.2,809.2,79.7,3667.8,1410.6,2256.3,-953.1,2538.9,3492.0
2022:Q4,22278.3,15326.2,3302.6,1887.3,10159.9,3266.0,762.1,160.6,3705.1,1441.6,2263.9,-944.5,2520.1,3464.6
2023:Q1,22439.6,15495.8,3317.3,1967.1,10240.0,3333.3,749.2,43.5,3742.9,1456.3,2287.0,-912.2,2543.5,3455.7
2023:Q2,22580.5,15553.7,3322.2,1967.5,10291.4,3421.8,756.9,17.0,3773.5,1456.1,2317.1,-928.1,2509.3,3437.4
2023:Q3,22841.0,15671.9,3349.4,1997.8,10353.8,3436.4,777.7,67.5,3821.2,1480.3,2340.9,-926.2,2536.7,3462.9
2023:Q4,23033.8,15789.7,3376.1,1998.9,10441.9,3483.0,780.6,61.9,3865.1,1492.8,2372.0,-934.1,2574.6,3508.8
2024:Q1,23082.1,15857.7,3362.8,1994.3,10524.4,3496.0,796.2,12.4,3887.1,1495.8,2390.7,-964.1,2603.6,3567.8
2024:Q2,23286.5,16009.6,3398.0,2031.8,10606.8,3517.5,792.2,75.1,3919.2,1511.5,2407.3,-1032.2,2608.0,3640.2
2024:Q3,23478.6,16165.8,3438.2,2074.0,10685.1,3547.6,782.5,69.4,3971.3,1542.9,2428.5,-1064.9,2664.3,3729.2
2024:Q4,23586.5,16320.9,3470.2,2138.4,10752.1,3514.4,790.7,17.1,4003.8,1559.5,2444.7,-1069.0,2658.5,3727.4
2025:Q1,23548.2,16345.8,3488.9,2120.1,10773.6,3595.4,788.8,172.0,3993.9,1537.2,2456.3,-1380.7,2659.5,4040.2
2025:Q2,23771.0,16445.7,3507.9,2132.2,10842.3,3659.3,778.5,-18.3,3993.0,1516.6,2475.3,-1058.0,2647.3,3705.3
2025:Q3,24026.8,16585.9,3541.2,2140.4,10939.6,3687.8,764.3,-23.9,4015.0,1526.6,2487.4,-955.5,2708.8,3664.3
2025:Q4,,,,,,,,,,,,,,
